text,label,source
"Army officer posting, need to buy your item urgently Sending Rs 150,000 via UPI request, please approve",1,synthetic_in
"Electricity bill discount scheme: pay Rs 999 now and get Rs 50,000 credit http://rb.gy/claim-now",1,synthetic_in
"Invest  Rs 1,999 in crypto and earn 20% daily. Guaranteed by our experts https://hdfc-secure.xyz",1,synthetic_in
Your account is under RBI investigation. Transfer funds to the safe account winner.claim@ybl immediately.,1,synthetic_in
"You  have an unclaimed insurance amount of Rs 1,999 Verify identity at http://tinyurlcom/sbi-update",1,synthetic_in
URGENT: Your HDFC Bank account will be blocked in 24 hours. Complete KYC immediately at https://sbi-kyc.online,1,synthetic_in
"Get a SBI credit card with Rs 50,000 limit, no income proof. Apply https://icici-verify.co",1,synthetic_in
"Dear user, your PAN card is not linked to your account. Link now or account will be frozen https://hdfc-secure.xyz",1,synthetic_in
Final notice: your credit card bill of Rs 500 is overdue. Pay via instantloan@upi to avoid legal action.,1,synthetic_in
"Pre-approved instant loan of Rs 150,000, no documents needed. Pay processing fee to kycverify@okhdfcbank",1,synthetic_in
URGENT: YOUR AXIS BANK ACCOUNT WILL BE BLOCKED IN 2 HOURS. COMPLETE KYC IMMEDIATELY AT HTTPS://SBI-KYC.ONLINE,1,synthetic_in
Your Netflix subscription payment failed. Update card details within 12 hours at https://sbi-kyc.online,1,synthetic_in
"Income tax refund of Rs 99,999 approved. Submit bank details at https://sbi-kyc.online",1,synthetic_in
"Electricity bill discount scheme: pay Rs 99 now and get Rs 150,000 credit http://tinyurl.com/sbi-update",1,synthetic_in
Guaranteed  returns of 30% per month Join our premium trading group today http://tinyurlcom/sbi-update,1,synthetic_in
"Payment of Rs 4,999 failed. Accept the request from refund.help@oksbi to get your money back.",1,synthetic_in
SIM UPGRADE TO 5G REQUIRED SHARE THE OTP TO COMPLETE THE UPGRADE OR SERVICE STOPS,1,synthetic_in
THIS IS PNB SECURITY TEAM. SHARE THE OTP SENT TO YOUR PHONE TO STOP THE FRAUDULENT TRANSACTION.,1,synthetic_in
Your  Kotak debit card is deactivated. Re-activate by verifying details here http://tinyurl.com/sbi-update,1,synthetic_in
"Congratulations! You have won Rs 4,999 in the Canara Bank lucky draw. Claim at http://t.me/investgroup",1,synthetic_in
"Payment  of Rs 50,000 failed Accept the request from safeaccount@okicici to get your money back Reply STOP to opt out",1,synthetic_in
"Your number won the KBC lottery of Rs 50,000 Pay 999 processing to claim",1,synthetic_in
"Pre-approved instant loan of Rs 150,000, no documents needed. Pay processing fee to quickpay@okaxis",1,synthetic_in
Guaranteed returns of 30% per month. Join our premium trading group today https://hdfc-secure.xyz,1,synthetic_in
"Sir, I am calling from Axis Bank. Install this screen sharing app so I can help fix your account.",1,synthetic_in
"I SENT RS 4,999 TO YOUR UPI BY MISTAKE. PLEASE APPROVE THE REQUEST FROM SUPPORT123@PAYTM AND RETURN IT.",1,synthetic_in
"Invest Rs 1,999 in crypto and earn 20% daily. Guaranteed by our experts https://sbi-kyc.online",1,synthetic_in
URGENT: Your IndusInd account will be blocked in 24 hours. Complete KYC immediately at https://hdfc-secure.xyz,1,synthetic_in
"Army officer posting, need to buy your item urgently. Sending Rs 1,999 via UPI request, please approve. -Team",1,synthetic_in
"Work from home job, earn Rs 1,999 daily. Pay Rs 999 registration fee to safeaccount@okicici",1,synthetic_in
Your account is under RBI investigation Transfer funds to the safe account support123@paytm immediately Act now,1,synthetic_in
"Payment of Rs 4,999 failed. Accept the request from safeaccount@okicici to get your money back.",1,synthetic_in
"INDUSIND  ALERT: UNAUTHORISED TRANSACTION OF RS 25,000 DETECTED. CANCEL BY SHARING YOUR CVV.",1,synthetic_in
"Work from home job, earn Rs 150,000 daily. Pay Rs 499 registration fee to instantloan@upi",1,synthetic_in
"Army officer posting, need to buy your item urgently. Sending Rs 50,000 via UPI request, please approve.",1,synthetic_in
"LOAN APPROVED! PAY RS 99 GST CHARGES TO INSTANTLOAN@UPI TO RECEIVE RS 150,000 WITHIN 10 MINUTES Reply STOP to opt out",1,synthetic_in
"Dear customer, your KYC has expired. Update now to avoid suspension: http://t.me/investgroup",1,synthetic_in
"Dear user, your PAN card is not linked to your account Link now or account will be frozen http://rbgy/claim-now -Team",1,synthetic_in
"I SENT RS 4,999 TO YOUR UPI BY MISTAKE. PLEASE APPROVE THE REQUEST FROM SAFEACCOUNT@OKICICI AND RETURN IT.",1,synthetic_in
Your electricity connection will be disconnected tonight. Pay pending bill at https://icici-verify.co,1,synthetic_in
Your Netflix subscription payment failed. Update card details within 6 hours at http://is.gd/loan-approve,1,synthetic_in
Guaranteed returns of 5% per month. Join our premium trading group today http://tinyurl.com/sbi-update,1,synthetic_in
Guaranteed  returns of 10% per month. Join our premium trading group today http://bit.ly/kyc-verify,1,synthetic_in
"Electricity bill discount scheme: pay Rs 499 now and get Rs 25,000 credit http://t.me/investgroup",1,synthetic_in
"Final notice: your credit card bill of Rs 150,000 is overdue. Pay via kycverify@okhdfcbank to avoid legal action.",1,synthetic_in
GUARANTEED RETURNS OF 5% PER MONTH. JOIN OUR PREMIUM TRADING GROUP TODAY HTTP://T.ME/INVESTGROUP,1,synthetic_in
"Dear customer, your KYC has expired. Update now to avoid suspension: http://rb.gy/claim-now",1,synthetic_in
Your electricity connection will be disconnected tonight. Pay pending bill at http://t.me/investgroup,1,synthetic_in
"Invest Rs 1,999 in crypto and earn 30% daily. Guaranteed by our experts https://icici-verify.co",1,synthetic_in
URGENT: Your PNB account will be blocked in 48 hours Complete KYC immediately at https://hdfc-securexyz,1,synthetic_in
"Congratulations!  You have won Rs 150,000 in the IndusInd lucky draw. Claim at http://rb.gy/claim-now",1,synthetic_in
"Double your money in 15 days, risk-free profit. Limited slots, last chance http://t.me/investgroup",1,synthetic_in
"You are selected for a cash prize of Rs 1,999. Share your UPI PIN to receive it.",1,synthetic_in
"Electricity bill discount scheme: pay Rs 199 now and get Rs 150,000 credit http://is.gd/loan-approve",1,synthetic_in
URGENT: Your SBI account will be blocked in 48 hours. Complete KYC immediately at https://icici-verify.co,1,synthetic_in
Loan approved! Pay Rs 499 GST charges to support123@paytm to receive Rs 500 within 10 minutes.,1,synthetic_in
You  are selected for a cash prize of Rs 500 Share your UPI PIN to receive it,1,synthetic_in
Guaranteed returns of 5% per month. Join our premium trading group today http://rb.gy/claim-now,1,synthetic_in
"Congratulations! You have won Rs 1,999 in the Yes Bank lucky draw. Claim at https://icici-verify.co",1,synthetic_in
Your electricity connection will be disconnected tonight. Pay pending bill at http://tinyurl.com/sbi-update,1,synthetic_in
"Congratulations! You have won Rs 10,000 in the Yes Bank lucky draw. Claim at https://sbi-kyc.online",1,synthetic_in
Final notice: your credit card bill of Rs 500 is overdue. Pay via fraudster@ybl to avoid legal action.,1,synthetic_in
"Army officer posting, need to buy your item urgently. Sending Rs 10,000 via UPI request, please approve.",1,synthetic_in
"ARMY  OFFICER POSTING, NEED TO BUY YOUR ITEM URGENTLY. SENDING RS 50,000 VIA UPI REQUEST, PLEASE APPROVE.",1,synthetic_in
Guaranteed returns of 10% per month. Join our premium trading group today https://hdfc-secure.xyz,1,synthetic_in
"YOU HAVE AN UNCLAIMED INSURANCE AMOUNT OF RS 4,999. VERIFY IDENTITY AT HTTP://RB.GY/CLAIM-NOW",1,synthetic_in
Your Canara Bank net banking is suspended due to suspicious login. Verify OTP with our officer.,1,synthetic_in
"Sir, I am calling from Canara Bank Install this screen sharing app so I can help fix your account",1,synthetic_in
THIS IS HDFC BANK SECURITY TEAM. SHARE THE OTP SENT TO YOUR PHONE TO STOP THE FRAUDULENT TRANSACTION.,1,synthetic_in
URGENT:  Your PNB account will be blocked in 2 hours. Complete KYC immediately at https://icici-verify.co,1,synthetic_in
Your  Aadhaar is linked to illegal activity Call our officer immediately or face arrest,1,synthetic_in
"Dear customer, your KYC has expired. Update now to avoid suspension: http://bit.ly/kyc-verify",1,synthetic_in
"Final notice: your credit card bill of Rs 10,000 is overdue. Pay via kycverify@okhdfcbank to avoid legal action. !!",1,synthetic_in
"Pre-approved instant loan of Rs 25,000, no documents needed. Pay processing fee to instantloan@upi",1,synthetic_in
"Your number won the KBC lottery of Rs 1,999. Pay 499 processing to claim.",1,synthetic_in
SIM  upgrade to 5G required. Share the OTP to complete the upgrade or service stops.,1,synthetic_in
"Refund of Rs 4,999 is pending Approve the collect request from refundhelp@oksbi to receive it",1,synthetic_in
You are selected for a cash prize of Rs 500. Share your UPI PIN to receive it.,1,synthetic_in
"Final notice: your credit card bill of Rs 50,000 is overdue Pay via support123@paytm to avoid legal action",1,synthetic_in
YOUR ACCOUNT IS UNDER RBI INVESTIGATION TRANSFER FUNDS TO THE SAFE ACCOUNT KYCVERIFY@OKHDFCBANK IMMEDIATELY,1,synthetic_in
"Pre-approved instant loan of Rs 1,999, no documents needed. Pay processing fee to refund.help@oksbi",1,synthetic_in
"Congratulations! You have won Rs 1,999 in the SBI lucky draw. Claim at https://icici-verify.co !!",1,synthetic_in
"Sir,  I am calling from SBI. Install this screen sharing app so I can help fix your account.",1,synthetic_in
URGENT: YOUR INDUSIND ACCOUNT WILL BE BLOCKED IN 48 HOURS. COMPLETE KYC IMMEDIATELY AT HTTP://TINYURL.COM/SBI-UPDATE,1,synthetic_in
"Congratulations! You have won Rs 1,999 in the ICICI Bank lucky draw. Claim at http://is.gd/loan-approve",1,synthetic_in
"Congratulations! You have won Rs 150,000 in the HDFC Bank lucky draw Claim at http://tinyurlcom/sbi-update -Team",1,synthetic_in
Electricity bill discount scheme: pay Rs 99 now and get Rs 500 credit https://sbi-kyc.online,1,synthetic_in
"Double your money in 7 days, risk-free profit. Limited slots, last chance http://tinyurl.com/sbi-update",1,synthetic_in
"Your number won the KBC lottery of Rs 1,999. Pay 999 processing to claim.",1,synthetic_in
"Work from home job, earn Rs 99,999 daily Pay Rs 499 registration fee to fraudster@ybl !!",1,synthetic_in
"Work  from home job, earn Rs 4,999 daily. Pay Rs 99 registration fee to winner.claim@ybl",1,synthetic_in
"Final notice: your credit card bill of Rs 25,000 is overdue. Pay via support123@paytm to avoid legal action.",1,synthetic_in
Guaranteed returns of 20% per month. Join our premium trading group today http://bit.ly/kyc-verify,1,synthetic_in
"Pre-approved  instant loan of Rs 10,000, no documents needed. Pay processing fee to instantloan@upi",1,synthetic_in
Your Bank of Baroda debit card is deactivated. Re-activate by verifying details here http://bit.ly/kyc-verify,1,synthetic_in
Electricity bill discount scheme: pay Rs 199 now and get Rs 500 credit https://sbi-kyc.online,1,synthetic_in
URGENT: Your Kotak account will be blocked in 24 hours. Complete KYC immediately at https://sbi-kyc.online,1,synthetic_in
"Your number won the KBC lottery of Rs 1,999. Pay 199 processing to claim.",1,synthetic_in
Guaranteed  returns of 10% per month. Join our premium trading group today http://is.gd/loan-approve !!,1,synthetic_in
"Refund  of Rs 150,000 is pending. Approve the collect request from safeaccount@okicici to receive it. Reply STOP to opt out",1,synthetic_in
"Get  a HDFC Bank credit card with Rs 10,000 limit, no income proof. Apply https://sbi-kyc.online",1,synthetic_in
"Sir, I am calling from Kotak Install this screen sharing app so I can help fix your account",1,synthetic_in
"DOUBLE YOUR MONEY IN 7 DAYS, RISK-FREE PROFIT. LIMITED SLOTS, LAST CHANCE HTTPS://SBI-KYC.ONLINE",1,synthetic_in
"Income tax refund of Rs 4,999 approved Submit bank details at https://icici-verifyco",1,synthetic_in
Your  account is under RBI investigation. Transfer funds to the safe account instantloan@upi immediately.,1,synthetic_in
"Your number won the KBC lottery of Rs 150,000 Pay 1500 processing to claim !!",1,synthetic_in
Refund of Rs 500 is pending. Approve the collect request from support123@paytm to receive it.,1,synthetic_in
Your  Kotak debit card is deactivated. Re-activate by verifying details here http://rb.gy/claim-now,1,synthetic_in
"You are selected for a cash prize of Rs 50,000. Share your UPI PIN to receive it.",1,synthetic_in
URGENT:  YOUR SBI ACCOUNT WILL BE BLOCKED IN 6 HOURS. COMPLETE KYC IMMEDIATELY AT HTTPS://ICICI-VERIFY.CO -Team,1,synthetic_in
"Congratulations! You have won Rs 4,999 in the Yes Bank lucky draw. Claim at http://rb.gy/claim-now",1,synthetic_in
"I  sent Rs 1,999 to your UPI by mistake. Please approve the request from safeaccount@okicici and return it. Act now",1,synthetic_in
Your account is under RBI investigation. Transfer funds to the safe account safeaccount@okicici immediately.,1,synthetic_in
"Double your money in 30 days, risk-free profit Limited slots, last chance http://tme/investgroup",1,synthetic_in
URGENT:  Your Yes Bank account will be blocked in 48 hours. Complete KYC immediately at http://tinyurl.com/sbi-update,1,synthetic_in
SIM upgrade to 5G required. Share the OTP to complete the upgrade or service stops.,1,synthetic_in
Your electricity connection will be disconnected tonight. Pay pending bill at http://is.gd/loan-approve,1,synthetic_in
"Double your money in 30 days, risk-free profit Limited slots, last chance http://isgd/loan-approve Reply STOP to opt out",1,synthetic_in
"Get a SBI credit card with Rs 99,999 limit, no income proof. Apply https://icici-verify.co",1,synthetic_in
"Sir, I am calling from PNB. Install this screen sharing app so I can help fix your account.",1,synthetic_in
Guaranteed returns of 15% per month. Join our premium trading group today https://sbi-kyc.online,1,synthetic_in
"DEAR USER, YOUR PAN CARD IS NOT LINKED TO YOUR ACCOUNT. LINK NOW OR ACCOUNT WILL BE FROZEN HTTP://BIT.LY/KYC-VERIFY",1,synthetic_in
SIM upgrade to 5G required Share the OTP to complete the upgrade or service stops,1,synthetic_in
"Congratulations!  You have won Rs 50,000 in the PNB lucky draw. Claim at https://icici-verify.co",1,synthetic_in
YOUR ELECTRICITY CONNECTION WILL BE DISCONNECTED TONIGHT PAY PENDING BILL AT HTTP://TINYURLCOM/SBI-UPDATE,1,synthetic_in
This is Canara Bank security team. Share the OTP sent to your phone to stop the fraudulent transaction.,1,synthetic_in
"Work from home job, earn Rs 25,000 daily. Pay Rs 99 registration fee to winner.claim@ybl",1,synthetic_in
Your  electricity connection will be disconnected tonight Pay pending bill at http://tinyurlcom/sbi-update,1,synthetic_in
"YOUR NUMBER WON THE KBC LOTTERY OF RS 4,999 PAY 99 PROCESSING TO CLAIM Reply STOP to opt out",1,synthetic_in
"Final notice: your credit card bill of Rs 4,999 is overdue. Pay via quickpay@okaxis to avoid legal action.",1,synthetic_in
"SIR, I AM CALLING FROM SBI. INSTALL THIS SCREEN SHARING APP SO I CAN HELP FIX YOUR ACCOUNT.",1,synthetic_in
"Income tax refund of Rs 10,000 approved Submit bank details at https://icici-verifyco",1,synthetic_in
Your PNB debit card is deactivated Re-activate by verifying details here http://tme/investgroup,1,synthetic_in
Your Aadhaar is linked to illegal activity. Call our officer immediately or face arrest.,1,synthetic_in
Invest Rs 500 in crypto and earn 10% daily. Guaranteed by our experts http://rb.gy/claim-now,1,synthetic_in
"I sent Rs 10,000 to your UPI by mistake. Please approve the request from safeaccount@okicici and return it.",1,synthetic_in
I sent Rs 500 to your UPI by mistake Please approve the request from kycverify@okhdfcbank and return it,1,synthetic_in
"Electricity bill discount scheme: pay Rs 99 now and get Rs 1,999 credit https://sbi-kyc.online",1,synthetic_in
"PRE-APPROVED INSTANT LOAN OF RS 500, NO DOCUMENTS NEEDED. PAY PROCESSING FEE TO REFUND.HELP@OKSBI",1,synthetic_in
You are selected for a cash prize of Rs 500 Share your UPI PIN to receive it,1,synthetic_in
Your HDFC Bank debit card is deactivated Re-activate by verifying details here http://tinyurlcom/sbi-update,1,synthetic_in
This is Kotak security team. Share the OTP sent to your phone to stop the fraudulent transaction.,1,synthetic_in
"Loan approved! Pay Rs 199 GST charges to support123@paytm to receive Rs 99,999 within 10 minutes.",1,synthetic_in
"DEAR USER, YOUR PAN CARD IS NOT LINKED TO YOUR ACCOUNT LINK NOW OR ACCOUNT WILL BE FROZEN HTTPS://ICICI-VERIFYCO",1,synthetic_in
"Army officer posting, need to buy your item urgently Sending Rs 4,999 via UPI request, please approve",1,synthetic_in
"Work from home job, earn Rs 99,999 daily. Pay Rs 499 registration fee to support123@paytm",1,synthetic_in
Your account is under RBI investigation. Transfer funds to the safe account fraudster@ybl immediately. Reply STOP to opt out,1,synthetic_in
"Your number won the KBC lottery of Rs 4,999. Pay 199 processing to claim.",1,synthetic_in
"GET  A KOTAK CREDIT CARD WITH RS 50,000 LIMIT, NO INCOME PROOF. APPLY HTTPS://ICICI-VERIFY.CO",1,synthetic_in
"Axis Bank alert: unauthorised transaction of Rs 99,999 detected. Cancel by sharing your CVV.",1,synthetic_in
URGENT: Your SBI account will be blocked in 12 hours Complete KYC immediately at http://rbgy/claim-now,1,synthetic_in
Your Netflix subscription payment failed. Update card details within 24 hours at http://is.gd/loan-approve,1,synthetic_in
"Congratulations! You have won Rs 4,999 in the Kotak lucky draw. Claim at http://is.gd/loan-approve",1,synthetic_in
"Refund  of Rs 50,000 is pending. Approve the collect request from quickpay@okaxis to receive it.",1,synthetic_in
"Pre-approved instant loan of Rs 99,999, no documents needed. Pay processing fee to instantloan@upi",1,synthetic_in
"You have an unclaimed insurance amount of Rs 1,999. Verify identity at https://icici-verify.co",1,synthetic_in
"You  have an unclaimed insurance amount of Rs 10,000. Verify identity at https://sbi-kyc.online",1,synthetic_in
URGENT: Your PNB account will be blocked in 2 hours. Complete KYC immediately at https://icici-verify.co,1,synthetic_in
"GET A PNB CREDIT CARD WITH RS 500 LIMIT, NO INCOME PROOF. APPLY HTTP://T.ME/INVESTGROUP",1,synthetic_in
"Invest Rs 150,000 in crypto and earn 20% daily. Guaranteed by our experts http://is.gd/loan-approve !!",1,synthetic_in
"Double your money in 30 days, risk-free profit Limited slots, last chance http://rbgy/claim-now",1,synthetic_in
"Dear user, your PAN card is not linked to your account. Link now or account will be frozen http://tinyurl.com/sbi-update",1,synthetic_in
"Your number won the KBC lottery of Rs 99,999. Pay 199 processing to claim.",1,synthetic_in
"FINAL NOTICE: YOUR CREDIT CARD BILL OF RS 50,000 IS OVERDUE. PAY VIA SAFEACCOUNT@OKICICI TO AVOID LEGAL ACTION.",1,synthetic_in
This is ICICI Bank security team Share the OTP sent to your phone to stop the fraudulent transaction,1,synthetic_in
THIS IS KOTAK SECURITY TEAM. SHARE THE OTP SENT TO YOUR PHONE TO STOP THE FRAUDULENT TRANSACTION.,1,synthetic_in
"Double your money in 15 days, risk-free profit Limited slots, last chance http://bitly/kyc-verify",1,synthetic_in
Your electricity connection will be disconnected tonight. Pay pending bill at https://sbi-kyc.online,1,synthetic_in
YOUR AADHAAR IS LINKED TO ILLEGAL ACTIVITY. CALL OUR OFFICER IMMEDIATELY OR FACE ARREST.,1,synthetic_in
Invest Rs 500 in crypto and earn 5% daily. Guaranteed by our experts http://rb.gy/claim-now,1,synthetic_in
URGENT: Your Canara Bank account will be blocked in 48 hours. Complete KYC immediately at http://bit.ly/kyc-verify -Team,1,synthetic_in
Your Kotak debit card is deactivated. Re-activate by verifying details here http://is.gd/loan-approve,1,synthetic_in
"Final notice: your credit card bill of Rs 1,999 is overdue. Pay via winner.claim@ybl to avoid legal action.",1,synthetic_in
"Dear customer, your KYC has expired. Update now to avoid suspension: http://is.gd/loan-approve",1,synthetic_in
"Army  officer posting, need to buy your item urgently. Sending Rs 4,999 via UPI request, please approve.",1,synthetic_in
"Your number won the KBC lottery of Rs 4,999. Pay 499 processing to claim.",1,synthetic_in
YOUR ACCOUNT IS UNDER RBI INVESTIGATION TRANSFER FUNDS TO THE SAFE ACCOUNT SAFEACCOUNT@OKICICI IMMEDIATELY,1,synthetic_in
"SIR, I AM CALLING FROM CANARA BANK INSTALL THIS SCREEN SHARING APP SO I CAN HELP FIX YOUR ACCOUNT",1,synthetic_in
"You are selected for a cash prize of Rs 99,999. Share your UPI PIN to receive it.",1,synthetic_in
"Get a ICICI Bank credit card with Rs 50,000 limit, no income proof Apply https://icici-verifyco",1,synthetic_in
"Sir, I am calling from ICICI Bank. Install this screen sharing app so I can help fix your account.",1,synthetic_in
"Invest Rs 10,000 in crypto and earn 15% daily Guaranteed by our experts http://tinyurlcom/sbi-update",1,synthetic_in
"ARMY OFFICER POSTING, NEED TO BUY YOUR ITEM URGENTLY. SENDING RS 150,000 VIA UPI REQUEST, PLEASE APPROVE.",1,synthetic_in
"Loan approved! Pay Rs 999 GST charges to refundhelp@oksbi to receive Rs 99,999 within 10 minutes",1,synthetic_in
Your Netflix subscription payment failed. Update card details within 48 hours at http://bit.ly/kyc-verify,1,synthetic_in
URGENT: YOUR YES BANK ACCOUNT WILL BE BLOCKED IN 6 HOURS COMPLETE KYC IMMEDIATELY AT HTTPS://ICICI-VERIFYCO,1,synthetic_in
"Work from home job, earn Rs 10,000 daily. Pay Rs 1500 registration fee to winner.claim@ybl",1,synthetic_in
"You have an unclaimed insurance amount of Rs 4,999. Verify identity at http://t.me/investgroup",1,synthetic_in
Your account is under RBI investigation. Transfer funds to the safe account instantloan@upi immediately.,1,synthetic_in
"Dear customer, your KYC has expired. Update now to avoid suspension: http://tinyurl.com/sbi-update",1,synthetic_in
YOUR ELECTRICITY CONNECTION WILL BE DISCONNECTED TONIGHT PAY PENDING BILL AT HTTP://ISGD/LOAN-APPROVE,1,synthetic_in
"You have an unclaimed insurance amount of Rs 150,000. Verify identity at http://t.me/investgroup",1,synthetic_in
"Payment of Rs 99,999 failed. Accept the request from support123@paytm to get your money back.",1,synthetic_in
GUARANTEED RETURNS OF 5% PER MONTH. JOIN OUR PREMIUM TRADING GROUP TODAY HTTPS://ICICI-VERIFY.CO Act now,1,synthetic_in
"Double your money in 30 days, risk-free profit. Limited slots, last chance http://is.gd/loan-approve",1,synthetic_in
Invest Rs 500 in crypto and earn 50% daily. Guaranteed by our experts https://icici-verify.co Reply STOP to opt out,1,synthetic_in
"Congratulations!  You have won Rs 4,999 in the HDFC Bank lucky draw. Claim at https://sbi-kyc.online Reply STOP to opt out",1,synthetic_in
This is ICICI Bank security team. Share the OTP sent to your phone to stop the fraudulent transaction.,1,synthetic_in
"Double your money in 15 days, risk-free profit. Limited slots, last chance http://tinyurl.com/sbi-update",1,synthetic_in
"Loan approved! Pay Rs 999 GST charges to refundhelp@oksbi to receive Rs 150,000 within 10 minutes",1,synthetic_in
Your IndusInd net banking is suspended due to suspicious login. Verify OTP with our officer.,1,synthetic_in
"Electricity bill discount scheme: pay Rs 999 now and get Rs 4,999 credit http://rb.gy/claim-now",1,synthetic_in
This is SBI security team. Share the OTP sent to your phone to stop the fraudulent transaction.,1,synthetic_in
Your ICICI Bank net banking is suspended due to suspicious login. Verify OTP with our officer.,1,synthetic_in
"Get a PNB credit card with Rs 1,999 limit, no income proof Apply https://hdfc-securexyz",1,synthetic_in
"Army  officer posting, need to buy your item urgently. Sending Rs 10,000 via UPI request, please approve.",1,synthetic_in
This is Bank of Baroda security team. Share the OTP sent to your phone to stop the fraudulent transaction.,1,synthetic_in
Loan approved! Pay Rs 499 GST charges to refund.help@oksbi to receive Rs 500 within 10 minutes.,1,synthetic_in
"Invest Rs 25,000 in crypto and earn 10% daily. Guaranteed by our experts https://icici-verify.co",1,synthetic_in
URGENT: YOUR YES BANK ACCOUNT WILL BE BLOCKED IN 6 HOURS. COMPLETE KYC IMMEDIATELY AT HTTP://IS.GD/LOAN-APPROVE,1,synthetic_in
"You have an unclaimed insurance amount of Rs 99,999 Verify identity at http://tme/investgroup",1,synthetic_in
"Your number won the KBC lottery of Rs 150,000. Pay 199 processing to claim.",1,synthetic_in
Guaranteed returns of 5% per month Join our premium trading group today http://bitly/kyc-verify,1,synthetic_in
"You have an unclaimed insurance amount of Rs 4,999. Verify identity at http://rb.gy/claim-now",1,synthetic_in
"DEAR CUSTOMER, YOUR KYC HAS EXPIRED. UPDATE NOW TO AVOID SUSPENSION: HTTPS://SBI-KYC.ONLINE Reply STOP to opt out",1,synthetic_in
"FINAL NOTICE: YOUR CREDIT CARD BILL OF RS 99,999 IS OVERDUE. PAY VIA INSTANTLOAN@UPI TO AVOID LEGAL ACTION.",1,synthetic_in
"Congratulations! You have won Rs 1,999 in the SBI lucky draw. Claim at https://icici-verify.co",1,synthetic_in
"Double your money in 30 days, risk-free profit. Limited slots, last chance http://bit.ly/kyc-verify",1,synthetic_in
Guaranteed returns of 5% per month. Join our premium trading group today https://icici-verify.co,1,synthetic_in
"Loan approved! Pay Rs 499 GST charges to fraudster@ybl to receive Rs 4,999 within 10 minutes. -Team",1,synthetic_in
Your parcel is held at customs. Pay Rs 199 clearance charges at http://rb.gy/claim-now,1,synthetic_in
"You are selected for a cash prize of Rs 10,000 Share your UPI PIN to receive it",1,synthetic_in
Your account is under RBI investigation. Transfer funds to the safe account refund.help@oksbi immediately.,1,synthetic_in
"You  have an unclaimed insurance amount of Rs 25,000 Verify identity at https://icici-verifyco",1,synthetic_in
"Congratulations!  You have won Rs 4,999 in the HDFC Bank lucky draw. Claim at http://tinyurl.com/sbi-update",1,synthetic_in
YOUR PARCEL IS HELD AT CUSTOMS. PAY RS 999 CLEARANCE CHARGES AT HTTPS://SBI-KYC.ONLINE,1,synthetic_in
"Pre-approved instant loan of Rs 25,000, no documents needed. Pay processing fee to safeaccount@okicici",1,synthetic_in
"CONGRATULATIONS! YOU HAVE WON RS 10,000 IN THE CANARA BANK LUCKY DRAW. CLAIM AT HTTP://T.ME/INVESTGROUP",1,synthetic_in
URGENT:  Your PNB account will be blocked in 2 hours Complete KYC immediately at https://icici-verifyco Reply STOP to opt out,1,synthetic_in
This is Axis Bank security team. Share the OTP sent to your phone to stop the fraudulent transaction.,1,synthetic_in
Your Netflix subscription payment failed. Update card details within 48 hours at http://rb.gy/claim-now,1,synthetic_in
URGENT: Your Bank of Baroda account will be blocked in 24 hours. Complete KYC immediately at http://is.gd/loan-approve,1,synthetic_in
"Dear  customer, your KYC has expired. Update now to avoid suspension: http://rb.gy/claim-now",1,synthetic_in
"Loan approved! Pay Rs 499 GST charges to support123@paytm to receive Rs 150,000 within 10 minutes.",1,synthetic_in
Your Canara Bank debit card is deactivated. Re-activate by verifying details here http://tinyurl.com/sbi-update,1,synthetic_in
"Sir, I am calling from Yes Bank. Install this screen sharing app so I can help fix your account.",1,synthetic_in
PNB alert: unauthorised transaction of Rs 500 detected Cancel by sharing your CVV,1,synthetic_in
"YOU HAVE AN UNCLAIMED INSURANCE AMOUNT OF RS 99,999. VERIFY IDENTITY AT HTTP://BIT.LY/KYC-VERIFY",1,synthetic_in
YOUR INDUSIND DEBIT CARD IS DEACTIVATED RE-ACTIVATE BY VERIFYING DETAILS HERE HTTP://BITLY/KYC-VERIFY,1,synthetic_in
"Electricity bill discount scheme: pay Rs 199 now and get Rs 150,000 credit http://rb.gy/claim-now",1,synthetic_in
"Work from home job, earn Rs 50,000 daily. Pay Rs 99 registration fee to kycverify@okhdfcbank",1,synthetic_in
"YOU ARE SELECTED FOR A CASH PRIZE OF RS 10,000 SHARE YOUR UPI PIN TO RECEIVE IT",1,synthetic_in
"Get a IndusInd credit card with Rs 1,999 limit, no income proof Apply https://sbi-kyconline Act now",1,synthetic_in
"Invest Rs 50,000 in crypto and earn 5% daily. Guaranteed by our experts https://sbi-kyc.online",1,synthetic_in
"Army officer posting, need to buy your item urgently Sending Rs 1,999 via UPI request, please approve Act now",1,synthetic_in
Your IndusInd debit card is deactivated. Re-activate by verifying details here http://tinyurl.com/sbi-update,1,synthetic_in
"Invest Rs 25,000 in crypto and earn 10% daily Guaranteed by our experts https://icici-verifyco",1,synthetic_in
"I  sent Rs 150,000 to your UPI by mistake. Please approve the request from safeaccount@okicici and return it.",1,synthetic_in
Your  Aadhaar is linked to illegal activity. Call our officer immediately or face arrest.,1,synthetic_in
"Army officer posting, need to buy your item urgently Sending Rs 150,000 via UPI request, please approve !!",1,synthetic_in
"Sir, I am calling from HDFC Bank. Install this screen sharing app so I can help fix your account.",1,synthetic_in
"I sent Rs 4,999 to your UPI by mistake. Please approve the request from refund.help@oksbi and return it.",1,synthetic_in
"Income tax refund of Rs 99,999 approved. Submit bank details at http://rb.gy/claim-now",1,synthetic_in
"Pre-approved instant loan of Rs 1,999, no documents needed Pay processing fee to winnerclaim@ybl",1,synthetic_in
"Loan approved! Pay Rs 199 GST charges to winner.claim@ybl to receive Rs 50,000 within 10 minutes.",1,synthetic_in
"Payment of Rs 150,000 failed. Accept the request from refund.help@oksbi to get your money back. Reply STOP to opt out",1,synthetic_in
Final notice: your credit card bill of Rs 500 is overdue. Pay via safeaccount@okicici to avoid legal action.,1,synthetic_in
"Congratulations! You have won Rs 4,999 in the Yes Bank lucky draw. Claim at https://sbi-kyc.online",1,synthetic_in
"Double your money in 45 days, risk-free profit Limited slots, last chance http://tme/investgroup",1,synthetic_in
"DEAR USER, YOUR PAN CARD IS NOT LINKED TO YOUR ACCOUNT. LINK NOW OR ACCOUNT WILL BE FROZEN HTTPS://SBI-KYC.ONLINE",1,synthetic_in
"ELECTRICITY  BILL DISCOUNT SCHEME: PAY RS 1500 NOW AND GET RS 10,000 CREDIT HTTP://RB.GY/CLAIM-NOW",1,synthetic_in
"Invest Rs 10,000 in crypto and earn 5% daily Guaranteed by our experts http://tme/investgroup",1,synthetic_in
"Refund of Rs 1,999 is pending. Approve the collect request from refund.help@oksbi to receive it.",1,synthetic_in
"You are selected for a cash prize of Rs 10,000. Share your UPI PIN to receive it.",1,synthetic_in
URGENT: Your IndusInd account will be blocked in 24 hours. Complete KYC immediately at http://is.gd/loan-approve,1,synthetic_in
"DEAR USER, YOUR PAN CARD IS NOT LINKED TO YOUR ACCOUNT. LINK NOW OR ACCOUNT WILL BE FROZEN HTTPS://HDFC-SECURE.XYZ",1,synthetic_in
"Your number won the KBC lottery of Rs 50,000. Pay 1500 processing to claim.",1,synthetic_in
Guaranteed returns of 50% per month. Join our premium trading group today http://bit.ly/kyc-verify,1,synthetic_in
"Double your money in 7 days, risk-free profit. Limited slots, last chance http://is.gd/loan-approve",1,synthetic_in
"Loan approved! Pay Rs 999 GST charges to fraudster@ybl to receive Rs 50,000 within 10 minutes.",1,synthetic_in
GUARANTEED RETURNS OF 30% PER MONTH JOIN OUR PREMIUM TRADING GROUP TODAY HTTP://TME/INVESTGROUP,1,synthetic_in
"Get a PNB credit card with Rs 50,000 limit, no income proof Apply http://tme/investgroup",1,synthetic_in
"Get a PNB credit card with Rs 99,999 limit, no income proof. Apply http://t.me/investgroup",1,synthetic_in
"Final notice: your credit card bill of Rs 1,999 is overdue. Pay via quickpay@okaxis to avoid legal action.",1,synthetic_in
"ARMY OFFICER POSTING, NEED TO BUY YOUR ITEM URGENTLY. SENDING RS 50,000 VIA UPI REQUEST, PLEASE APPROVE.",1,synthetic_in
Your Bank of Baroda debit card is deactivated. Re-activate by verifying details here https://hdfc-secure.xyz,1,synthetic_in
I sent Rs 500 to your UPI by mistake Please approve the request from fraudster@ybl and return it,1,synthetic_in
"Congratulations! You have won Rs 150,000 in the ICICI Bank lucky draw. Claim at http://bit.ly/kyc-verify",1,synthetic_in
"Dear user, your PAN card is not linked to your account Link now or account will be frozen http://tinyurlcom/sbi-update",1,synthetic_in
"HDFC BANK ALERT: UNAUTHORISED TRANSACTION OF RS 99,999 DETECTED. CANCEL BY SHARING YOUR CVV.",1,synthetic_in
Your Netflix subscription payment failed. Update card details within 24 hours at https://sbi-kyc.online,1,synthetic_in
"Work from home job, earn Rs 1,999 daily. Pay Rs 99 registration fee to refund.help@oksbi !!",1,synthetic_in
Income tax refund of Rs 500 approved. Submit bank details at http://rb.gy/claim-now -Team,1,synthetic_in
"Sir, I am calling from Bank of Baroda Install this screen sharing app so I can help fix your account",1,synthetic_in
"Invest Rs 99,999 in crypto and earn 20% daily. Guaranteed by our experts http://is.gd/loan-approve",1,synthetic_in
"Double your money in 30 days, risk-free profit. Limited slots, last chance http://rb.gy/claim-now",1,synthetic_in
"Pre-approved instant loan of Rs 4,999, no documents needed. Pay processing fee to safeaccount@okicici",1,synthetic_in
"Get  a Bank of Baroda credit card with Rs 1,999 limit, no income proof. Apply https://hdfc-secure.xyz",1,synthetic_in
This is IndusInd security team. Share the OTP sent to your phone to stop the fraudulent transaction.,1,synthetic_in
"Sir, I am calling from Bank of Baroda. Install this screen sharing app so I can help fix your account.",1,synthetic_in
Your Canara Bank debit card is deactivated Re-activate by verifying details here https://sbi-kyconline,1,synthetic_in
"You are selected for a cash prize of Rs 150,000 Share your UPI PIN to receive it",1,synthetic_in
"I sent Rs 25,000 to your UPI by mistake. Please approve the request from refund.help@oksbi and return it.",1,synthetic_in
This is Yes Bank security team. Share the OTP sent to your phone to stop the fraudulent transaction.,1,synthetic_in
"Double  your money in 45 days, risk-free profit. Limited slots, last chance http://is.gd/loan-approve",1,synthetic_in
"Dear customer, your KYC has expired. Update now to avoid suspension: http://t.me/investgroup !!",1,synthetic_in
"You have an unclaimed insurance amount of Rs 99,999. Verify identity at https://sbi-kyc.online",1,synthetic_in
SIM upgrade to 5G required. Share the OTP to complete the upgrade or service stops. Act now,1,synthetic_in
URGENT: Your HDFC Bank account will be blocked in 12 hours. Complete KYC immediately at http://tinyurl.com/sbi-update,1,synthetic_in
Income tax refund of Rs 500 approved. Submit bank details at https://icici-verify.co,1,synthetic_in
"Electricity bill discount scheme: pay Rs 199 now and get Rs 25,000 credit https://hdfc-secure.xyz",1,synthetic_in
CONGRATULATIONS!  YOU HAVE WON RS 500 IN THE KOTAK LUCKY DRAW. CLAIM AT HTTP://T.ME/INVESTGROUP Act now,1,synthetic_in
URGENT: YOUR ICICI BANK ACCOUNT WILL BE BLOCKED IN 2 HOURS. COMPLETE KYC IMMEDIATELY AT HTTP://T.ME/INVESTGROUP,1,synthetic_in
Invest Rs 500 in crypto and earn 5% daily. Guaranteed by our experts https://icici-verify.co,1,synthetic_in
URGENT:  Your Axis Bank account will be blocked in 24 hours. Complete KYC immediately at http://tinyurl.com/sbi-update,1,synthetic_in
URGENT: YOUR AXIS BANK ACCOUNT WILL BE BLOCKED IN 48 HOURS. COMPLETE KYC IMMEDIATELY AT HTTPS://HDFC-SECURE.XYZ Reply STOP to opt out,1,synthetic_in
GUARANTEED RETURNS OF 5% PER MONTH. JOIN OUR PREMIUM TRADING GROUP TODAY HTTPS://HDFC-SECURE.XYZ,1,synthetic_in
Your parcel is held at customs. Pay Rs 99 clearance charges at http://tinyurl.com/sbi-update !!,1,synthetic_in
"Congratulations! You have won Rs 150,000 in the PNB lucky draw. Claim at http://bit.ly/kyc-verify",1,synthetic_in
"Dear user, your PAN card is not linked to your account. Link now or account will be frozen https://sbi-kyc.online",1,synthetic_in
"Pre-approved  instant loan of Rs 25,000, no documents needed. Pay processing fee to safeaccount@okicici",1,synthetic_in
Guaranteed returns of 10% per month. Join our premium trading group today http://is.gd/loan-approve,1,synthetic_in
Your  electricity connection will be disconnected tonight. Pay pending bill at http://rb.gy/claim-now,1,synthetic_in
"Work from home job, earn Rs 10,000 daily. Pay Rs 1500 registration fee to instantloan@upi",1,synthetic_in
Your  Netflix subscription payment failed Update card details within 24 hours at http://tinyurlcom/sbi-update,1,synthetic_in
"Congratulations!  You have won Rs 1,999 in the ICICI Bank lucky draw Claim at https://sbi-kyconline -Team",1,synthetic_in
"ARMY OFFICER POSTING, NEED TO BUY YOUR ITEM URGENTLY. SENDING RS 25,000 VIA UPI REQUEST, PLEASE APPROVE. -Team",1,synthetic_in
"Dear customer, your KYC has expired. Update now to avoid suspension: https://hdfc-secure.xyz",1,synthetic_in
"Work  from home job, earn Rs 1,999 daily. Pay Rs 1500 registration fee to instantloan@upi",1,synthetic_in
"Get a SBI credit card with Rs 99,999 limit, no income proof. Apply https://hdfc-secure.xyz Reply STOP to opt out",1,synthetic_in
This  is Canara Bank security team. Share the OTP sent to your phone to stop the fraudulent transaction.,1,synthetic_in
Your Canara Bank debit card is deactivated. Re-activate by verifying details here http://bit.ly/kyc-verify,1,synthetic_in
Your Kotak debit card is deactivated. Re-activate by verifying details here http://tinyurl.com/sbi-update,1,synthetic_in
"Refund of Rs 10,000 is pending. Approve the collect request from winner.claim@ybl to receive it.",1,synthetic_in
"Refund of Rs 25,000 is pending. Approve the collect request from kycverify@okhdfcbank to receive it.",1,synthetic_in
"Income  tax refund of Rs 25,000 approved. Submit bank details at http://t.me/investgroup",1,synthetic_in
Your parcel is held at customs Pay Rs 999 clearance charges at https://icici-verifyco,1,synthetic_in
This is HDFC Bank security team Share the OTP sent to your phone to stop the fraudulent transaction,1,synthetic_in
Your electricity connection will be disconnected tonight. Pay pending bill at https://hdfc-secure.xyz,1,synthetic_in
"Payment of Rs 99,999 failed. Accept the request from kycverify@okhdfcbank to get your money back. Act now",1,synthetic_in
"INCOME  TAX REFUND OF RS 150,000 APPROVED SUBMIT BANK DETAILS AT HTTP://TINYURLCOM/SBI-UPDATE",1,synthetic_in
Congratulations! You have won Rs 500 in the Canara Bank lucky draw. Claim at http://bit.ly/kyc-verify,1,synthetic_in
Your  account is under RBI investigation. Transfer funds to the safe account instantloan@upi immediately. Act now,1,synthetic_in
"Army officer posting, need to buy your item urgently. Sending Rs 50,000 via UPI request, please approve. -Team",1,synthetic_in
"SIR, I AM CALLING FROM AXIS BANK. INSTALL THIS SCREEN SHARING APP SO I CAN HELP FIX YOUR ACCOUNT.",1,synthetic_in
"DEAR CUSTOMER, YOUR KYC HAS EXPIRED. UPDATE NOW TO AVOID SUSPENSION: HTTPS://HDFC-SECURE.XYZ",1,synthetic_in
"Army officer posting, need to buy your item urgently. Sending Rs 99,999 via UPI request, please approve.",1,synthetic_in
"Pre-approved  instant loan of Rs 150,000, no documents needed. Pay processing fee to safeaccount@okicici",1,synthetic_in
"Get a HDFC Bank credit card with Rs 500 limit, no income proof. Apply http://t.me/investgroup",1,synthetic_in
YOUR  ELECTRICITY CONNECTION WILL BE DISCONNECTED TONIGHT. PAY PENDING BILL AT HTTPS://HDFC-SECURE.XYZ,1,synthetic_in
Your Netflix subscription payment failed. Update card details within 6 hours at http://tinyurl.com/sbi-update,1,synthetic_in
"HDFC  Bank alert: unauthorised transaction of Rs 4,999 detected. Cancel by sharing your CVV.",1,synthetic_in
URGENT: Your Kotak account will be blocked in 24 hours Complete KYC immediately at https://icici-verifyco,1,synthetic_in
"Loan approved! Pay Rs 499 GST charges to winner.claim@ybl to receive Rs 10,000 within 10 minutes.",1,synthetic_in
URGENT: Your PNB account will be blocked in 48 hours. Complete KYC immediately at http://t.me/investgroup,1,synthetic_in
Guaranteed returns of 15% per month. Join our premium trading group today http://bit.ly/kyc-verify,1,synthetic_in
"Loan approved! Pay Rs 1500 GST charges to refund.help@oksbi to receive Rs 4,999 within 10 minutes.",1,synthetic_in
"Pre-approved instant loan of Rs 150,000, no documents needed. Pay processing fee to refund.help@oksbi",1,synthetic_in
YOUR ELECTRICITY CONNECTION WILL BE DISCONNECTED TONIGHT. PAY PENDING BILL AT HTTP://T.ME/INVESTGROUP,1,synthetic_in
"Double  your money in 30 days, risk-free profit. Limited slots, last chance http://tinyurl.com/sbi-update",1,synthetic_in
Your parcel is held at customs. Pay Rs 499 clearance charges at http://t.me/investgroup,1,synthetic_in
Guaranteed returns of 5% per month. Join our premium trading group today http://bit.ly/kyc-verify,1,synthetic_in
"Work from home job, earn Rs 25,000 daily Pay Rs 99 registration fee to kycverify@okhdfcbank",1,synthetic_in
Your Canara Bank net banking is suspended due to suspicious login Verify OTP with our officer,1,synthetic_in
"Electricity  bill discount scheme: pay Rs 99 now and get Rs 50,000 credit http://tinyurl.com/sbi-update",1,synthetic_in
"Army officer posting, need to buy your item urgently. Sending Rs 1,999 via UPI request, please approve.",1,synthetic_in
"Double  your money in 45 days, risk-free profit. Limited slots, last chance http://t.me/investgroup",1,synthetic_in
GUARANTEED RETURNS OF 20% PER MONTH. JOIN OUR PREMIUM TRADING GROUP TODAY HTTP://TINYURL.COM/SBI-UPDATE,1,synthetic_in
Your IndusInd debit card is deactivated. Re-activate by verifying details here http://bit.ly/kyc-verify,1,synthetic_in
"Double your money in 15 days, risk-free profit. Limited slots, last chance http://tinyurl.com/sbi-update -Team",1,synthetic_in
"Final notice: your credit card bill of Rs 25,000 is overdue Pay via quickpay@okaxis to avoid legal action",1,synthetic_in
"PAYMENT OF RS 25,000 FAILED. ACCEPT THE REQUEST FROM SUPPORT123@PAYTM TO GET YOUR MONEY BACK.",1,synthetic_in
"INVEST  RS 25,000 IN CRYPTO AND EARN 20% DAILY. GUARANTEED BY OUR EXPERTS HTTPS://ICICI-VERIFY.CO",1,synthetic_in
"Loan approved! Pay Rs 199 GST charges to safeaccount@okicici to receive Rs 99,999 within 10 minutes",1,synthetic_in
"Dear customer, your KYC has expired. Update now to avoid suspension: https://sbi-kyc.online",1,synthetic_in
This is HDFC Bank security team. Share the OTP sent to your phone to stop the fraudulent transaction.,1,synthetic_in
"Invest Rs 99,999 in crypto and earn 30% daily. Guaranteed by our experts https://hdfc-secure.xyz",1,synthetic_in
"Your number won the KBC lottery of Rs 25,000 Pay 999 processing to claim",1,synthetic_in
"Double your money in 30 days, risk-free profit Limited slots, last chance https://icici-verifyco",1,synthetic_in
"INCOME TAX REFUND OF RS 99,999 APPROVED. SUBMIT BANK DETAILS AT HTTPS://SBI-KYC.ONLINE",1,synthetic_in
"Pre-approved instant loan of Rs 25,000, no documents needed. Pay processing fee to quickpay@okaxis",1,synthetic_in
"Electricity bill discount scheme: pay Rs 199 now and get Rs 99,999 credit https://hdfc-securexyz !!",1,synthetic_in
"Your number won the KBC lottery of Rs 4,999 Pay 99 processing to claim",1,synthetic_in
"YOU  ARE SELECTED FOR A CASH PRIZE OF RS 50,000. SHARE YOUR UPI PIN TO RECEIVE IT.",1,synthetic_in
"Congratulations! You have won Rs 50,000 in the Canara Bank lucky draw Claim at https://sbi-kyconline -Team",1,synthetic_in
"Invest Rs 150,000 in crypto and earn 20% daily Guaranteed by our experts http://isgd/loan-approve",1,synthetic_in
"Work from home job, earn Rs 50,000 daily. Pay Rs 199 registration fee to refund.help@oksbi",1,synthetic_in
Your electricity connection will be disconnected tonight. Pay pending bill at http://rb.gy/claim-now,1,synthetic_in
Your parcel is held at customs. Pay Rs 99 clearance charges at http://tinyurl.com/sbi-update,1,synthetic_in
YOUR YES BANK DEBIT CARD IS DEACTIVATED. RE-ACTIVATE BY VERIFYING DETAILS HERE HTTPS://HDFC-SECURE.XYZ,1,synthetic_in
"Income tax refund of Rs 99,999 approved. Submit bank details at https://hdfc-secure.xyz",1,synthetic_in
"DEAR USER, YOUR PAN CARD IS NOT LINKED TO YOUR ACCOUNT. LINK NOW OR ACCOUNT WILL BE FROZEN HTTP://T.ME/INVESTGROUP",1,synthetic_in
Your ICICI Bank debit card is deactivated. Re-activate by verifying details here https://sbi-kyc.online,1,synthetic_in
"WORK FROM HOME JOB, EARN RS 99,999 DAILY. PAY RS 99 REGISTRATION FEE TO INSTANTLOAN@UPI",1,synthetic_in
"Refund of Rs 150,000 is pending. Approve the collect request from fraudster@ybl to receive it.",1,synthetic_in
"Electricity bill discount scheme: pay Rs 1500 now and get Rs 10,000 credit https://hdfc-securexyz",1,synthetic_in
Bank of Baroda alert: unauthorised transaction of Rs 500 detected. Cancel by sharing your CVV.,1,synthetic_in
This is Yes Bank security team. Share the OTP sent to your phone to stop the fraudulent transaction. Reply STOP to opt out,1,synthetic_in
"LOAN APPROVED! PAY RS 99 GST CHARGES TO INSTANTLOAN@UPI TO RECEIVE RS 4,999 WITHIN 10 MINUTES.",1,synthetic_in
"Payment of Rs 25,000 failed. Accept the request from instantloan@upi to get your money back.",1,synthetic_in
"Your  number won the KBC lottery of Rs 10,000. Pay 499 processing to claim.",1,synthetic_in
Your IndusInd net banking is suspended due to suspicious login Verify OTP with our officer,1,synthetic_in
"Congratulations!  You have won Rs 10,000 in the Yes Bank lucky draw. Claim at https://hdfc-secure.xyz Act now",1,synthetic_in
"INVEST RS 1,999 IN CRYPTO AND EARN 20% DAILY. GUARANTEED BY OUR EXPERTS HTTP://BIT.LY/KYC-VERIFY",1,synthetic_in
"Get a Canara Bank credit card with Rs 4,999 limit, no income proof. Apply http://bit.ly/kyc-verify",1,synthetic_in
"ARMY OFFICER POSTING, NEED TO BUY YOUR ITEM URGENTLY. SENDING RS 4,999 VIA UPI REQUEST, PLEASE APPROVE. -Team",1,synthetic_in
Guaranteed returns of 10% per month. Join our premium trading group today http://t.me/investgroup,1,synthetic_in
"Get a Bank of Baroda credit card with Rs 4,999 limit, no income proof. Apply https://hdfc-secure.xyz",1,synthetic_in
"You have an unclaimed insurance amount of Rs 25,000. Verify identity at http://tinyurl.com/sbi-update",1,synthetic_in
"Dear user, your PAN card is not linked to your account. Link now or account will be frozen https://icici-verify.co",1,synthetic_in
"Double your money in 30 days, risk-free profit Limited slots, last chance http://rbgy/claim-now Act now",1,synthetic_in
"Get a Canara Bank credit card with Rs 99,999 limit, no income proof. Apply http://tinyurl.com/sbi-update",1,synthetic_in
"Refund of Rs 50,000 is pending. Approve the collect request from support123@paytm to receive it.",1,synthetic_in
This is Axis Bank security team Share the OTP sent to your phone to stop the fraudulent transaction,1,synthetic_in
"WORK FROM HOME JOB, EARN RS 150,000 DAILY. PAY RS 999 REGISTRATION FEE TO SUPPORT123@PAYTM",1,synthetic_in
This  is Axis Bank security team. Share the OTP sent to your phone to stop the fraudulent transaction.,1,synthetic_in
"Dear customer, your KYC has expired. Update now to avoid suspension: https://hdfc-secure.xyz !!",1,synthetic_in
"YOUR NUMBER WON THE KBC LOTTERY OF RS 25,000 PAY 499 PROCESSING TO CLAIM",1,synthetic_in
Loan approved! Pay Rs 999 GST charges to quickpay@okaxis to receive Rs 500 within 10 minutes.,1,synthetic_in
"YOUR  NUMBER WON THE KBC LOTTERY OF RS 150,000 PAY 199 PROCESSING TO CLAIM",1,synthetic_in
"Get a Kotak credit card with Rs 25,000 limit, no income proof. Apply https://hdfc-secure.xyz",1,synthetic_in
Your SBI net banking is suspended due to suspicious login. Verify OTP with our officer.,1,synthetic_in
"Final notice: your credit card bill of Rs 150,000 is overdue. Pay via quickpay@okaxis to avoid legal action.",1,synthetic_in
"ELECTRICITY BILL DISCOUNT SCHEME: PAY RS 199 NOW AND GET RS 50,000 CREDIT HTTP://T.ME/INVESTGROUP",1,synthetic_in
"Sir, I am calling from SBI. Install this screen sharing app so I can help fix your account.",1,synthetic_in
"Work from home job, earn Rs 1,999 daily. Pay Rs 1500 registration fee to fraudster@ybl -Team",1,synthetic_in
"Refund of Rs 50,000 is pending. Approve the collect request from instantloan@upi to receive it. -Team",1,synthetic_in
"INCOME TAX REFUND OF RS 10,000 APPROVED. SUBMIT BANK DETAILS AT HTTPS://ICICI-VERIFY.CO",1,synthetic_in
"DEAR CUSTOMER, YOUR KYC HAS EXPIRED UPDATE NOW TO AVOID SUSPENSION: HTTP://TINYURLCOM/SBI-UPDATE",1,synthetic_in
"DOUBLE YOUR MONEY IN 15 DAYS, RISK-FREE PROFIT. LIMITED SLOTS, LAST CHANCE HTTP://TINYURL.COM/SBI-UPDATE",1,synthetic_in
"Electricity bill discount scheme: pay Rs 99 now and get Rs 150,000 credit http://bit.ly/kyc-verify",1,synthetic_in
"Refund of Rs 150,000 is pending. Approve the collect request from quickpay@okaxis to receive it.",1,synthetic_in
"Pre-approved instant loan of Rs 99,999, no documents needed. Pay processing fee to quickpay@okaxis",1,synthetic_in
YOUR  ACCOUNT IS UNDER RBI INVESTIGATION. TRANSFER FUNDS TO THE SAFE ACCOUNT SUPPORT123@PAYTM IMMEDIATELY.,1,synthetic_in
"Double your money in 15 days, risk-free profit Limited slots, last chance http://tme/investgroup",1,synthetic_in
"Pre-approved instant loan of Rs 99,999, no documents needed. Pay processing fee to support123@paytm",1,synthetic_in
Your parcel is held at customs. Pay Rs 99 clearance charges at https://sbi-kyc.online,1,synthetic_in
Your Yes Bank debit card is deactivated. Re-activate by verifying details here http://tinyurl.com/sbi-update,1,synthetic_in
"I sent Rs 4,999 to your UPI by mistake Please approve the request from support123@paytm and return it",1,synthetic_in
"Pre-approved instant loan of Rs 25,000, no documents needed. Pay processing fee to winner.claim@ybl",1,synthetic_in
THIS IS INDUSIND SECURITY TEAM SHARE THE OTP SENT TO YOUR PHONE TO STOP THE FRAUDULENT TRANSACTION,1,synthetic_in
"Dear user, your PAN card is not linked to your account Link now or account will be frozen http://isgd/loan-approve",1,synthetic_in
"Army officer posting, need to buy your item urgently. Sending Rs 4,999 via UPI request, please approve.",1,synthetic_in
"I SENT RS 150,000 TO YOUR UPI BY MISTAKE PLEASE APPROVE THE REQUEST FROM REFUNDHELP@OKSBI AND RETURN IT",1,synthetic_in
"Electricity bill discount scheme: pay Rs 499 now and get Rs 99,999 credit http://bit.ly/kyc-verify",1,synthetic_in
"Refund of Rs 50,000 is pending. Approve the collect request from refund.help@oksbi to receive it.",1,synthetic_in
URGENT: Your ICICI Bank account will be blocked in 2 hours. Complete KYC immediately at https://sbi-kyc.online,1,synthetic_in
"Refund of Rs 99,999 is pending. Approve the collect request from kycverify@okhdfcbank to receive it.",1,synthetic_in
"Double your money in 7 days, risk-free profit. Limited slots, last chance http://rb.gy/claim-now",1,synthetic_in
Your Kotak net banking is suspended due to suspicious login. Verify OTP with our officer.,1,synthetic_in
Your electricity connection will be disconnected tonight Pay pending bill at https://sbi-kyconline,1,synthetic_in
Axis Bank alert: unauthorised transaction of Rs 500 detected. Cancel by sharing your CVV.,1,synthetic_in
Your parcel is held at customs. Pay Rs 99 clearance charges at http://is.gd/loan-approve,1,synthetic_in
Income tax refund of Rs 500 approved Submit bank details at http://isgd/loan-approve,1,synthetic_in
"YOU ARE SELECTED FOR A CASH PRIZE OF RS 1,999. SHARE YOUR UPI PIN TO RECEIVE IT. Reply STOP to opt out",1,synthetic_in
"Your number won the KBC lottery of Rs 4,999. Pay 999 processing to claim.",1,synthetic_in
URGENT:  Your Yes Bank account will be blocked in 2 hours Complete KYC immediately at https://icici-verifyco,1,synthetic_in
"Sir, I am calling from Canara Bank. Install this screen sharing app so I can help fix your account.",1,synthetic_in
Your parcel is held at customs. Pay Rs 999 clearance charges at http://is.gd/loan-approve,1,synthetic_in
Guaranteed returns of 10% per month Join our premium trading group today https://hdfc-securexyz,1,synthetic_in
YOUR ACCOUNT IS UNDER RBI INVESTIGATION TRANSFER FUNDS TO THE SAFE ACCOUNT WINNERCLAIM@YBL IMMEDIATELY,1,synthetic_in
"Final  notice: your credit card bill of Rs 10,000 is overdue. Pay via quickpay@okaxis to avoid legal action.",1,synthetic_in
"Work from home job, earn Rs 150,000 daily. Pay Rs 199 registration fee to safeaccount@okicici",1,synthetic_in
"PAYMENT OF RS 150,000 FAILED. ACCEPT THE REQUEST FROM WINNER.CLAIM@YBL TO GET YOUR MONEY BACK.",1,synthetic_in
"Dear  customer, your KYC has expired. Update now to avoid suspension: https://sbi-kyc.online",1,synthetic_in
Your  SBI debit card is deactivated Re-activate by verifying details here http://tme/investgroup,1,synthetic_in
"Congratulations! You have won Rs 25,000 in the Axis Bank lucky draw Claim at http://rbgy/claim-now",1,synthetic_in
Guaranteed returns of 5% per month. Join our premium trading group today http://t.me/investgroup !!,1,synthetic_in
YOUR ACCOUNT IS UNDER RBI INVESTIGATION. TRANSFER FUNDS TO THE SAFE ACCOUNT SUPPORT123@PAYTM IMMEDIATELY.,1,synthetic_in
GUARANTEED RETURNS OF 20% PER MONTH. JOIN OUR PREMIUM TRADING GROUP TODAY HTTPS://HDFC-SECURE.XYZ,1,synthetic_in
SIM upgrade to 5G required. Share the OTP to complete the upgrade or service stops. -Team,1,synthetic_in
"I sent Rs 10,000 to your UPI by mistake. Please approve the request from support123@paytm and return it.",1,synthetic_in
"Final notice: your credit card bill of Rs 150,000 is overdue. Pay via instantloan@upi to avoid legal action.",1,synthetic_in
"Invest  Rs 99,999 in crypto and earn 15% daily. Guaranteed by our experts http://t.me/investgroup",1,synthetic_in
URGENT: Your Kotak account will be blocked in 6 hours Complete KYC immediately at https://sbi-kyconline,1,synthetic_in
"Loan approved! Pay Rs 99 GST charges to refund.help@oksbi to receive Rs 99,999 within 10 minutes.",1,synthetic_in
This is Canara Bank security team Share the OTP sent to your phone to stop the fraudulent transaction,1,synthetic_in
"Invest Rs 50,000 in crypto and earn 15% daily. Guaranteed by our experts http://rb.gy/claim-now",1,synthetic_in
"Electricity bill discount scheme: pay Rs 499 now and get Rs 50,000 credit http://tinyurlcom/sbi-update",1,synthetic_in
"SBI alert: unauthorised transaction of Rs 1,999 detected Cancel by sharing your CVV",1,synthetic_in
"Final notice: your credit card bill of Rs 1,999 is overdue. Pay via support123@paytm to avoid legal action.",1,synthetic_in
"Electricity bill discount scheme: pay Rs 199 now and get Rs 1,999 credit http://bit.ly/kyc-verify",1,synthetic_in
"Invest Rs 4,999 in crypto and earn 50% daily. Guaranteed by our experts http://bit.ly/kyc-verify",1,synthetic_in
"Pre-approved instant loan of Rs 50,000, no documents needed Pay processing fee to support123@paytm",1,synthetic_in
"Invest Rs 150,000 in crypto and earn 20% daily. Guaranteed by our experts https://hdfc-secure.xyz !!",1,synthetic_in
Your account is under RBI investigation Transfer funds to the safe account instantloan@upi immediately,1,synthetic_in
"I sent Rs 50,000 to your UPI by mistake. Please approve the request from winner.claim@ybl and return it.",1,synthetic_in
"PRE-APPROVED INSTANT LOAN OF RS 99,999, NO DOCUMENTS NEEDED. PAY PROCESSING FEE TO KYCVERIFY@OKHDFCBANK",1,synthetic_in
"Loan approved! Pay Rs 499 GST charges to support123@paytm to receive Rs 10,000 within 10 minutes. -Team",1,synthetic_in
"IndusInd alert: unauthorised transaction of Rs 99,999 detected. Cancel by sharing your CVV.",1,synthetic_in
"Get a Kotak credit card with Rs 1,999 limit, no income proof Apply https://icici-verifyco",1,synthetic_in
Your parcel is held at customs. Pay Rs 99 clearance charges at http://t.me/investgroup,1,synthetic_in
"PNB alert: unauthorised transaction of Rs 1,999 detected. Cancel by sharing your CVV.",1,synthetic_in
"Sir,  I am calling from Canara Bank Install this screen sharing app so I can help fix your account",1,synthetic_in
Your parcel is held at customs. Pay Rs 999 clearance charges at https://icici-verify.co,1,synthetic_in
"Refund of Rs 25,000 is pending. Approve the collect request from instantloan@upi to receive it.",1,synthetic_in
"You are selected for a cash prize of Rs 25,000. Share your UPI PIN to receive it. Reply STOP to opt out",1,synthetic_in
"WORK FROM HOME JOB, EARN RS 4,999 DAILY. PAY RS 199 REGISTRATION FEE TO KYCVERIFY@OKHDFCBANK",1,synthetic_in
"GET A YES BANK CREDIT CARD WITH RS 25,000 LIMIT, NO INCOME PROOF. APPLY HTTPS://ICICI-VERIFY.CO",1,synthetic_in
"Refund of Rs 4,999 is pending. Approve the collect request from quickpay@okaxis to receive it.",1,synthetic_in
YOUR NETFLIX SUBSCRIPTION PAYMENT FAILED. UPDATE CARD DETAILS WITHIN 2 HOURS AT HTTP://TINYURL.COM/SBI-UPDATE,1,synthetic_in
"Dear customer, your KYC has expired Update now to avoid suspension: http://tme/investgroup",1,synthetic_in
"You have an unclaimed insurance amount of Rs 1,999 Verify identity at http://tinyurlcom/sbi-update",1,synthetic_in
"Invest Rs 4,999 in crypto and earn 10% daily Guaranteed by our experts http://tme/investgroup",1,synthetic_in
Your parcel is held at customs Pay Rs 499 clearance charges at https://sbi-kyconline,1,synthetic_in
"Dear user, your PAN card is not linked to your account. Link now or account will be frozen http://rb.gy/claim-now",1,synthetic_in
Your  account is under RBI investigation. Transfer funds to the safe account kycverify@okhdfcbank immediately. -Team,1,synthetic_in
Your HDFC Bank debit card is deactivated. Re-activate by verifying details here http://is.gd/loan-approve,1,synthetic_in
"I SENT RS 10,000 TO YOUR UPI BY MISTAKE. PLEASE APPROVE THE REQUEST FROM KYCVERIFY@OKHDFCBANK AND RETURN IT.",1,synthetic_in
"Get a Canara Bank credit card with Rs 4,999 limit, no income proof. Apply http://tinyurl.com/sbi-update",1,synthetic_in
Your ICICI Bank net banking is suspended due to suspicious login Verify OTP with our officer,1,synthetic_in
"Payment of Rs 10,000 failed. Accept the request from refund.help@oksbi to get your money back.",1,synthetic_in
"Invest Rs 4,999 in crypto and earn 50% daily. Guaranteed by our experts https://hdfc-secure.xyz",1,synthetic_in
"Army officer posting, need to buy your item urgently Sending Rs 25,000 via UPI request, please approve",1,synthetic_in
THIS IS AXIS BANK SECURITY TEAM. SHARE THE OTP SENT TO YOUR PHONE TO STOP THE FRAUDULENT TRANSACTION.,1,synthetic_in
"You  are selected for a cash prize of Rs 25,000. Share your UPI PIN to receive it.",1,synthetic_in
"Work from home job, earn Rs 25,000 daily. Pay Rs 1500 registration fee to instantloan@upi",1,synthetic_in
"INVEST RS 50,000 IN CRYPTO AND EARN 20% DAILY GUARANTEED BY OUR EXPERTS HTTP://RBGY/CLAIM-NOW Act now",1,synthetic_in
Your parcel is held at customs. Pay Rs 1500 clearance charges at http://is.gd/loan-approve,1,synthetic_in
Invest  Rs 500 in crypto and earn 20% daily. Guaranteed by our experts http://tinyurl.com/sbi-update,1,synthetic_in
Your parcel is held at customs. Pay Rs 499 clearance charges at http://tinyurl.com/sbi-update,1,synthetic_in
YOUR  AADHAAR IS LINKED TO ILLEGAL ACTIVITY. CALL OUR OFFICER IMMEDIATELY OR FACE ARREST. Act now,1,synthetic_in
Invest Rs 500 in crypto and earn 15% daily. Guaranteed by our experts http://bit.ly/kyc-verify,1,synthetic_in
"INVEST RS 50,000 IN CRYPTO AND EARN 30% DAILY. GUARANTEED BY OUR EXPERTS HTTP://IS.GD/LOAN-APPROVE",1,synthetic_in
Your Axis Bank debit card is deactivated. Re-activate by verifying details here https://sbi-kyc.online,1,synthetic_in
"Congratulations! You have won Rs 1,999 in the Bank of Baroda lucky draw Claim at http://tinyurlcom/sbi-update",1,synthetic_in
"You have an unclaimed insurance amount of Rs 25,000. Verify identity at https://icici-verify.co",1,synthetic_in
"Sir,  I am calling from HDFC Bank. Install this screen sharing app so I can help fix your account.",1,synthetic_in
Your Aadhaar is linked to illegal activity Call our officer immediately or face arrest -Team,1,synthetic_in
Your  IndusInd net banking is suspended due to suspicious login. Verify OTP with our officer.,1,synthetic_in
URGENT: Your Kotak account will be blocked in 2 hours. Complete KYC immediately at http://is.gd/loan-approve,1,synthetic_in
"Electricity bill discount scheme: pay Rs 1500 now and get Rs 1,999 credit http://is.gd/loan-approve",1,synthetic_in
Your Bank of Baroda net banking is suspended due to suspicious login. Verify OTP with our officer.,1,synthetic_in
Your parcel is held at customs. Pay Rs 1500 clearance charges at http://rb.gy/claim-now,1,synthetic_in
"Army officer posting, need to buy your item urgently Sending Rs 500 via UPI request, please approve -Team",1,synthetic_in
"SBI alert: unauthorised transaction of Rs 25,000 detected Cancel by sharing your CVV",1,synthetic_in
"You are selected for a cash prize of Rs 4,999. Share your UPI PIN to receive it.",1,synthetic_in
"Double your money in 7 days, risk-free profit. Limited slots, last chance http://bit.ly/kyc-verify",1,synthetic_in
"Dear user, your PAN card is not linked to your account. Link now or account will be frozen http://is.gd/loan-approve",1,synthetic_in
Congratulations!  You have won Rs 500 in the Kotak lucky draw. Claim at http://rb.gy/claim-now,1,synthetic_in
"PRE-APPROVED INSTANT LOAN OF RS 99,999, NO DOCUMENTS NEEDED. PAY PROCESSING FEE TO INSTANTLOAN@UPI -Team",1,synthetic_in
Your PNB debit card is deactivated. Re-activate by verifying details here https://hdfc-secure.xyz,1,synthetic_in
This is PNB security team. Share the OTP sent to your phone to stop the fraudulent transaction.,1,synthetic_in
Your account is under RBI investigation. Transfer funds to the safe account support123@paytm immediately.,1,synthetic_in
"REFUND OF RS 150,000 IS PENDING. APPROVE THE COLLECT REQUEST FROM QUICKPAY@OKAXIS TO RECEIVE IT.",1,synthetic_in
"You are selected for a cash prize of Rs 150,000. Share your UPI PIN to receive it.",1,synthetic_in
"You have an unclaimed insurance amount of Rs 50,000. Verify identity at https://hdfc-secure.xyz",1,synthetic_in
Your Axis Bank debit card is deactivated. Re-activate by verifying details here http://tinyurl.com/sbi-update,1,synthetic_in
Your Netflix subscription payment failed. Update card details within 6 hours at http://bit.ly/kyc-verify,1,synthetic_in
Your Netflix subscription payment failed Update card details within 12 hours at https://icici-verifyco,1,synthetic_in
Loan approved! Pay Rs 199 GST charges to refund.help@oksbi to receive Rs 500 within 10 minutes.,1,synthetic_in
URGENT: YOUR ICICI BANK ACCOUNT WILL BE BLOCKED IN 24 HOURS. COMPLETE KYC IMMEDIATELY AT HTTPS://ICICI-VERIFY.CO,1,synthetic_in
"You are selected for a cash prize of Rs 99,999 Share your UPI PIN to receive it",1,synthetic_in
"I sent Rs 25,000 to your UPI by mistake. Please approve the request from winner.claim@ybl and return it.",1,synthetic_in
"Get a Bank of Baroda credit card with Rs 50,000 limit, no income proof Apply http://rbgy/claim-now",1,synthetic_in
Your parcel is held at customs. Pay Rs 499 clearance charges at https://icici-verify.co,1,synthetic_in
"Sir,  I am calling from Yes Bank Install this screen sharing app so I can help fix your account",1,synthetic_in
"Yes Bank alert: unauthorised transaction of Rs 4,999 detected. Cancel by sharing your CVV.",1,synthetic_in
Your  Yes Bank debit card is deactivated Re-activate by verifying details here https://icici-verifyco,1,synthetic_in
"Loan approved! Pay Rs 499 GST charges to kycverify@okhdfcbank to receive Rs 50,000 within 10 minutes.",1,synthetic_in
"Your number won the KBC lottery of Rs 150,000. Pay 99 processing to claim. Act now",1,synthetic_in
Your parcel is held at customs. Pay Rs 999 clearance charges at https://sbi-kyc.online,1,synthetic_in
"YOUR NUMBER WON THE KBC LOTTERY OF RS 50,000. PAY 199 PROCESSING TO CLAIM. -Team",1,synthetic_in
"Get  a SBI credit card with Rs 10,000 limit, no income proof Apply http://bitly/kyc-verify",1,synthetic_in
"I sent Rs 150,000 to your UPI by mistake. Please approve the request from safeaccount@okicici and return it.",1,synthetic_in
"Double your money in 45 days, risk-free profit. Limited slots, last chance http://rb.gy/claim-now",1,synthetic_in
Your electricity connection will be disconnected tonight. Pay pending bill at http://bit.ly/kyc-verify,1,synthetic_in
Guaranteed returns of 15% per month Join our premium trading group today https://sbi-kyconline,1,synthetic_in
"Pre-approved instant loan of Rs 50,000, no documents needed. Pay processing fee to fraudster@ybl",1,synthetic_in
Your Netflix subscription payment failed. Update card details within 2 hours at http://t.me/investgroup,1,synthetic_in
Your  electricity connection will be disconnected tonight. Pay pending bill at https://hdfc-secure.xyz -Team,1,synthetic_in
"DEAR CUSTOMER, YOUR KYC HAS EXPIRED UPDATE NOW TO AVOID SUSPENSION: HTTPS://SBI-KYCONLINE",1,synthetic_in
LOAN APPROVED! PAY RS 99 GST CHARGES TO KYCVERIFY@OKHDFCBANK TO RECEIVE RS 500 WITHIN 10 MINUTES.,1,synthetic_in
"REFUND OF RS 10,000 IS PENDING. APPROVE THE COLLECT REQUEST FROM SAFEACCOUNT@OKICICI TO RECEIVE IT.",1,synthetic_in
"Payment of Rs 150,000 failed. Accept the request from instantloan@upi to get your money back.",1,synthetic_in
Your  Netflix subscription payment failed Update card details within 24 hours at http://isgd/loan-approve -Team,1,synthetic_in
Your parcel is held at customs. Pay Rs 999 clearance charges at http://t.me/investgroup,1,synthetic_in
SIM UPGRADE TO 5G REQUIRED. SHARE THE OTP TO COMPLETE THE UPGRADE OR SERVICE STOPS.,1,synthetic_in
Guaranteed  returns of 20% per month. Join our premium trading group today https://sbi-kyc.online,1,synthetic_in
"I sent Rs 1,999 to your UPI by mistake. Please approve the request from support123@paytm and return it.",1,synthetic_in
"Payment of Rs 99,999 failed. Accept the request from support123@paytm to get your money back. Reply STOP to opt out",1,synthetic_in
"Congratulations! You have won Rs 99,999 in the HDFC Bank lucky draw. Claim at https://icici-verify.co",1,synthetic_in
"Army officer posting, need to buy your item urgently. Sending Rs 150,000 via UPI request, please approve.",1,synthetic_in
"Bank of Baroda alert: unauthorised transaction of Rs 1,999 detected. Cancel by sharing your CVV.",1,synthetic_in
URGENT: Your Axis Bank account will be blocked in 2 hours. Complete KYC immediately at https://hdfc-secure.xyz,1,synthetic_in
"Loan approved! Pay Rs 1500 GST charges to instantloan@upi to receive Rs 99,999 within 10 minutes.",1,synthetic_in
"Sir, I am calling from PNB Install this screen sharing app so I can help fix your account Reply STOP to opt out",1,synthetic_in
"Refund of Rs 99,999 is pending. Approve the collect request from safeaccount@okicici to receive it.",1,synthetic_in
"Electricity bill discount scheme: pay Rs 499 now and get Rs 4,999 credit http://rb.gy/claim-now",1,synthetic_in
"Electricity bill discount scheme: pay Rs 999 now and get Rs 50,000 credit http://is.gd/loan-approve",1,synthetic_in
Your parcel is held at customs. Pay Rs 1500 clearance charges at http://bit.ly/kyc-verify,1,synthetic_in
Guaranteed returns of 10% per month Join our premium trading group today https://sbi-kyconline,1,synthetic_in
"Final notice: your credit card bill of Rs 1,999 is overdue. Pay via safeaccount@okicici to avoid legal action.",1,synthetic_in
"Final notice: your credit card bill of Rs 50,000 is overdue. Pay via refund.help@oksbi to avoid legal action.",1,synthetic_in
"Electricity bill discount scheme: pay Rs 199 now and get Rs 1,999 credit http://rb.gy/claim-now",1,synthetic_in
Your  electricity connection will be disconnected tonight. Pay pending bill at http://bit.ly/kyc-verify,1,synthetic_in
"Final  notice: your credit card bill of Rs 4,999 is overdue. Pay via instantloan@upi to avoid legal action.",1,synthetic_in
Your  SBI net banking is suspended due to suspicious login. Verify OTP with our officer.,1,synthetic_in
"Get a Canara Bank credit card with Rs 1,999 limit, no income proof Apply https://icici-verifyco",1,synthetic_in
THIS IS SBI SECURITY TEAM. SHARE THE OTP SENT TO YOUR PHONE TO STOP THE FRAUDULENT TRANSACTION. -Team,1,synthetic_in
"SIR, I AM CALLING FROM ICICI BANK. INSTALL THIS SCREEN SHARING APP SO I CAN HELP FIX YOUR ACCOUNT.",1,synthetic_in
"Your  number won the KBC lottery of Rs 1,999. Pay 999 processing to claim.",1,synthetic_in
"IndusInd alert: unauthorised transaction of Rs 150,000 detected Cancel by sharing your CVV !!",1,synthetic_in
Guaranteed returns of 15% per month. Join our premium trading group today http://is.gd/loan-approve,1,synthetic_in
"Final notice: your credit card bill of Rs 99,999 is overdue Pay via quickpay@okaxis to avoid legal action",1,synthetic_in
"Invest Rs 10,000 in crypto and earn 50% daily. Guaranteed by our experts http://bit.ly/kyc-verify",1,synthetic_in
"FINAL NOTICE: YOUR CREDIT CARD BILL OF RS 4,999 IS OVERDUE. PAY VIA QUICKPAY@OKAXIS TO AVOID LEGAL ACTION.",1,synthetic_in
"Your number won the KBC lottery of Rs 50,000. Pay 499 processing to claim.",1,synthetic_in
"Refund of Rs 4,999 is pending. Approve the collect request from winner.claim@ybl to receive it. -Team",1,synthetic_in
"Electricity bill discount scheme: pay Rs 999 now and get Rs 4,999 credit https://sbi-kyc.online",1,synthetic_in
"Dear user, your PAN card is not linked to your account. Link now or account will be frozen https://icici-verify.co Reply STOP to opt out",1,synthetic_in
"Work from home job, earn Rs 150,000 daily Pay Rs 499 registration fee to quickpay@okaxis",1,synthetic_in
"Dear user, your PAN card is not linked to your account Link now or account will be frozen https://icici-verifyco",1,synthetic_in
"Double your money in 30 days, risk-free profit. Limited slots, last chance https://icici-verify.co",1,synthetic_in
Your  IndusInd debit card is deactivated. Re-activate by verifying details here http://is.gd/loan-approve,1,synthetic_in
"You have an unclaimed insurance amount of Rs 50,000. Verify identity at https://icici-verify.co Act now",1,synthetic_in
"DOUBLE  YOUR MONEY IN 45 DAYS, RISK-FREE PROFIT. LIMITED SLOTS, LAST CHANCE HTTP://TINYURL.COM/SBI-UPDATE",1,synthetic_in
GUARANTEED RETURNS OF 10% PER MONTH. JOIN OUR PREMIUM TRADING GROUP TODAY HTTP://BIT.LY/KYC-VERIFY -Team,1,synthetic_in
"Invest Rs 10,000 in crypto and earn 20% daily. Guaranteed by our experts http://tinyurl.com/sbi-update",1,synthetic_in
"You have an unclaimed insurance amount of Rs 50,000. Verify identity at http://tinyurl.com/sbi-update",1,synthetic_in
"Electricity bill discount scheme: pay Rs 999 now and get Rs 50,000 credit https://hdfc-secure.xyz",1,synthetic_in
Your account is under RBI investigation. Transfer funds to the safe account kycverify@okhdfcbank immediately.,1,synthetic_in
YOUR NETFLIX SUBSCRIPTION PAYMENT FAILED UPDATE CARD DETAILS WITHIN 6 HOURS AT HTTPS://HDFC-SECUREXYZ,1,synthetic_in
"Army officer posting, need to buy your item urgently. Sending Rs 25,000 via UPI request, please approve. Reply STOP to opt out",1,synthetic_in
Your parcel is held at customs. Pay Rs 199 clearance charges at http://is.gd/loan-approve,1,synthetic_in
"Final notice: your credit card bill of Rs 25,000 is overdue. Pay via safeaccount@okicici to avoid legal action. Act now",1,synthetic_in
URGENT: Your HDFC Bank account will be blocked in 2 hours. Complete KYC immediately at http://bit.ly/kyc-verify,1,synthetic_in
"Final notice: your credit card bill of Rs 4,999 is overdue. Pay via refund.help@oksbi to avoid legal action.",1,synthetic_in
"Income tax refund of Rs 50,000 approved. Submit bank details at http://t.me/investgroup Act now",1,synthetic_in
"Pre-approved instant loan of Rs 10,000, no documents needed Pay processing fee to refundhelp@oksbi",1,synthetic_in
"Electricity bill discount scheme: pay Rs 1500 now and get Rs 10,000 credit http://tinyurl.com/sbi-update",1,synthetic_in
"Refund of Rs 10,000 is pending. Approve the collect request from kycverify@okhdfcbank to receive it.",1,synthetic_in
URGENT: Your Bank of Baroda account will be blocked in 24 hours. Complete KYC immediately at https://hdfc-secure.xyz,1,synthetic_in
YOUR  ELECTRICITY CONNECTION WILL BE DISCONNECTED TONIGHT. PAY PENDING BILL AT HTTP://IS.GD/LOAN-APPROVE,1,synthetic_in
"Your number won the KBC lottery of Rs 4,999 Pay 199 processing to claim",1,synthetic_in
"Loan  approved! Pay Rs 1500 GST charges to support123@paytm to receive Rs 25,000 within 10 minutes",1,synthetic_in
"GET A YES BANK CREDIT CARD WITH RS 10,000 LIMIT, NO INCOME PROOF APPLY HTTP://BITLY/KYC-VERIFY",1,synthetic_in
"ARMY OFFICER POSTING, NEED TO BUY YOUR ITEM URGENTLY. SENDING RS 99,999 VIA UPI REQUEST, PLEASE APPROVE.",1,synthetic_in
Your Yes Bank net banking is suspended due to suspicious login. Verify OTP with our officer.,1,synthetic_in
"Your number won the KBC lottery of Rs 10,000. Pay 99 processing to claim.",1,synthetic_in
"Invest Rs 25,000 in crypto and earn 5% daily. Guaranteed by our experts https://sbi-kyc.online",1,synthetic_in
"I  sent Rs 4,999 to your UPI by mistake. Please approve the request from fraudster@ybl and return it.",1,synthetic_in
"Army  officer posting, need to buy your item urgently Sending Rs 50,000 via UPI request, please approve",1,synthetic_in
"Refund of Rs 1,999 is pending Approve the collect request from support123@paytm to receive it",1,synthetic_in
"Loan approved! Pay Rs 1500 GST charges to instantloan@upi to receive Rs 10,000 within 10 minutes.",1,synthetic_in
"Army  officer posting, need to buy your item urgently. Sending Rs 25,000 via UPI request, please approve. Act now",1,synthetic_in
"Sir,  I am calling from PNB. Install this screen sharing app so I can help fix your account.",1,synthetic_in
"I SENT RS 99,999 TO YOUR UPI BY MISTAKE. PLEASE APPROVE THE REQUEST FROM WINNER.CLAIM@YBL AND RETURN IT.",1,synthetic_in
You have an unclaimed insurance amount of Rs 500. Verify identity at http://is.gd/loan-approve Act now,1,synthetic_in
"Get a IndusInd credit card with Rs 150,000 limit, no income proof. Apply http://rb.gy/claim-now",1,synthetic_in
"Income tax refund of Rs 50,000 approved. Submit bank details at https://icici-verify.co",1,synthetic_in
Your  Netflix subscription payment failed. Update card details within 48 hours at https://icici-verify.co,1,synthetic_in
This  is SBI security team Share the OTP sent to your phone to stop the fraudulent transaction !!,1,synthetic_in
"REFUND OF RS 50,000 IS PENDING. APPROVE THE COLLECT REQUEST FROM REFUND.HELP@OKSBI TO RECEIVE IT.",1,synthetic_in
"Get  a ICICI Bank credit card with Rs 25,000 limit, no income proof Apply https://hdfc-securexyz",1,synthetic_in
Your account is under RBI investigation. Transfer funds to the safe account fraudster@ybl immediately.,1,synthetic_in
"Payment  of Rs 1,999 failed. Accept the request from safeaccount@okicici to get your money back.",1,synthetic_in
YOUR ACCOUNT IS UNDER RBI INVESTIGATION. TRANSFER FUNDS TO THE SAFE ACCOUNT KYCVERIFY@OKHDFCBANK IMMEDIATELY.,1,synthetic_in
"ICICI Bank alert: unauthorised transaction of Rs 1,999 detected. Cancel by sharing your CVV.",1,synthetic_in
"Your number won the KBC lottery of Rs 150,000 Pay 499 processing to claim",1,synthetic_in
Your parcel is held at customs Pay Rs 1500 clearance charges at http://bitly/kyc-verify,1,synthetic_in
"I sent Rs 1,999 to your UPI by mistake. Please approve the request from refund.help@oksbi and return it.",1,synthetic_in
"Loan approved! Pay Rs 499 GST charges to quickpay@okaxis to receive Rs 50,000 within 10 minutes.",1,synthetic_in
Your  HDFC Bank net banking is suspended due to suspicious login Verify OTP with our officer,1,synthetic_in
Your Aadhaar is linked to illegal activity Call our officer immediately or face arrest Reply STOP to opt out,1,synthetic_in
"Sir, I am calling from Kotak. Install this screen sharing app so I can help fix your account. !!",1,synthetic_in
"Your number won the KBC lottery of Rs 10,000 Pay 499 processing to claim",1,synthetic_in
Your  Bank of Baroda debit card is deactivated. Re-activate by verifying details here http://rb.gy/claim-now Act now,1,synthetic_in
"Refund of Rs 150,000 is pending. Approve the collect request from kycverify@okhdfcbank to receive it. Act now",1,synthetic_in
"Loan approved! Pay Rs 499 GST charges to support123@paytm to receive Rs 4,999 within 10 minutes.",1,synthetic_in
"Electricity bill discount scheme: pay Rs 99 now and get Rs 1,999 credit https://sbi-kyconline",1,synthetic_in
"I sent Rs 150,000 to your UPI by mistake Please approve the request from instantloan@upi and return it",1,synthetic_in
This is Kotak security team Share the OTP sent to your phone to stop the fraudulent transaction,1,synthetic_in
"You  have an unclaimed insurance amount of Rs 4,999. Verify identity at http://is.gd/loan-approve",1,synthetic_in
This is IndusInd security team. Share the OTP sent to your phone to stop the fraudulent transaction. Act now,1,synthetic_in
"I  sent Rs 1,999 to your UPI by mistake. Please approve the request from support123@paytm and return it.",1,synthetic_in
"Dear user, your PAN card is not linked to your account. Link now or account will be frozen http://t.me/investgroup",1,synthetic_in
CONGRATULATIONS! YOU HAVE WON RS 500 IN THE BANK OF BARODA LUCKY DRAW. CLAIM AT HTTPS://ICICI-VERIFY.CO,1,synthetic_in
"Payment of Rs 150,000 failed. Accept the request from quickpay@okaxis to get your money back.",1,synthetic_in
"You are selected for a cash prize of Rs 10,000 Share your UPI PIN to receive it Act now",1,synthetic_in
"Income tax refund of Rs 10,000 approved. Submit bank details at http://is.gd/loan-approve",1,synthetic_in
"Get a IndusInd credit card with Rs 4,999 limit, no income proof. Apply https://sbi-kyc.online",1,synthetic_in
"Payment of Rs 50,000 failed. Accept the request from winner.claim@ybl to get your money back.",1,synthetic_in
"Refund of Rs 4,999 is pending. Approve the collect request from kycverify@okhdfcbank to receive it.",1,synthetic_in
YOUR ACCOUNT IS UNDER RBI INVESTIGATION. TRANSFER FUNDS TO THE SAFE ACCOUNT QUICKPAY@OKAXIS IMMEDIATELY.,1,synthetic_in
Your PNB debit card is deactivated. Re-activate by verifying details here http://t.me/investgroup Reply STOP to opt out,1,synthetic_in
"I SENT RS 25,000 TO YOUR UPI BY MISTAKE. PLEASE APPROVE THE REQUEST FROM REFUND.HELP@OKSBI AND RETURN IT.",1,synthetic_in
"Loan approved! Pay Rs 499 GST charges to quickpay@okaxis to receive Rs 99,999 within 10 minutes",1,synthetic_in
"Electricity bill discount scheme: pay Rs 999 now and get Rs 4,999 credit http://is.gd/loan-approve",1,synthetic_in
Your parcel is held at customs. Pay Rs 499 clearance charges at https://sbi-kyc.online,1,synthetic_in
"Dear  customer, your KYC has expired. Update now to avoid suspension: http://tinyurl.com/sbi-update",1,synthetic_in
Your Netflix subscription payment failed. Update card details within 24 hours at https://hdfc-secure.xyz,1,synthetic_in
Your account is under RBI investigation Transfer funds to the safe account support123@paytm immediately,1,synthetic_in
YOUR PARCEL IS HELD AT CUSTOMS. PAY RS 199 CLEARANCE CHARGES AT HTTPS://ICICI-VERIFY.CO,1,synthetic_in
"You  have an unclaimed insurance amount of Rs 150,000. Verify identity at http://t.me/investgroup",1,synthetic_in
Your HDFC Bank debit card is deactivated. Re-activate by verifying details here https://sbi-kyc.online -Team,1,synthetic_in
"Payment of Rs 25,000 failed. Accept the request from quickpay@okaxis to get your money back.",1,synthetic_in
"Electricity  bill discount scheme: pay Rs 999 now and get Rs 25,000 credit http://tinyurl.com/sbi-update",1,synthetic_in
"SIR, I AM CALLING FROM AXIS BANK. INSTALL THIS SCREEN SHARING APP SO I CAN HELP FIX YOUR ACCOUNT. Act now",1,synthetic_in
"Electricity bill discount scheme: pay Rs 199 now and get Rs 10,000 credit http://is.gd/loan-approve",1,synthetic_in
"Payment  of Rs 150,000 failed. Accept the request from fraudster@ybl to get your money back.",1,synthetic_in
THIS IS SBI SECURITY TEAM. SHARE THE OTP SENT TO YOUR PHONE TO STOP THE FRAUDULENT TRANSACTION.,1,synthetic_in
"DOUBLE YOUR MONEY IN 30 DAYS, RISK-FREE PROFIT. LIMITED SLOTS, LAST CHANCE HTTP://TINYURL.COM/SBI-UPDATE",1,synthetic_in
"Your number won the KBC lottery of Rs 99,999 Pay 999 processing to claim -Team",1,synthetic_in
"Final notice: your credit card bill of Rs 25,000 is overdue. Pay via quickpay@okaxis to avoid legal action.",1,synthetic_in
"Refund of Rs 50,000 is pending. Approve the collect request from fraudster@ybl to receive it.",1,synthetic_in
"Double  your money in 30 days, risk-free profit Limited slots, last chance http://rbgy/claim-now",1,synthetic_in
"REFUND OF RS 150,000 IS PENDING APPROVE THE COLLECT REQUEST FROM INSTANTLOAN@UPI TO RECEIVE IT",1,synthetic_in
"Dear  customer, your KYC has expired. Update now to avoid suspension: http://bit.ly/kyc-verify",1,synthetic_in
"Canara Bank alert: unauthorised transaction of Rs 25,000 detected. Cancel by sharing your CVV.",1,synthetic_in
Reminder: library book due on 4 October. Renew online to avoid a fine.,0,synthetic_in
"Hey, are we still meeting at 5:00 am tomorrow? Let me know if the time changed.",0,synthetic_in
"Your OTP is 397528 Do not share it with anyone, including bank staff",0,synthetic_in
"Your insurance premium of Rs 25,000 is due on 22 September. Renew through the official website.",0,synthetic_in
Class test on Thursday covers chapters 4 to 6. Please bring your lab record.,0,synthetic_in
Society meeting on 26 October at 6:15 pm in the community hall. Please attend.,0,synthetic_in
Water  supply will be interrupted on 2 September from 2:15 pm for maintenance work,0,synthetic_in
"YOUR MONTHLY SIP OF RS 150,000 IN HDFC INDEX FUND HAS BEEN PROCESSED.",0,synthetic_in
Reminder:  library book due on 21 March. Renew online to avoid a fine.,0,synthetic_in
"Rs 4,999 credited to your Axis Bank account ending 5706. Available balance Rs 158,818.",0,synthetic_in
YOUR APPOINTMENT AT FORTIS IS CONFIRMED FOR 7 NOVEMBER AT 11:00 PM.,0,synthetic_in
Reminder: library book due on 23 November. Renew online to avoid a fine.,0,synthetic_in
"Your fixed deposit of Rs 99,999 matures on 8 July. Visit the branch for renewal options.",0,synthetic_in
"Your OTP is 962890. Do not share it with anyone, including bank staff.",0,synthetic_in
Water supply will be interrupted on 12 February from 5:00 pm for maintenance work.,0,synthetic_in
Thanks for your payment of Rs 500 Your subscription is active until 25 December,0,synthetic_in
"Rs 4,999 debited from your IndusInd account ending 5623 on 22 January. Not you? Call the number on your card.",0,synthetic_in
"Rent for December received, Rs 10,000 Receipt will be shared by email Act now",0,synthetic_in
"Your train 11340 is running on time. Coach S7, seat 16.",0,synthetic_in
Your Bank of Baroda statement for December is ready View it in the mobile app,0,synthetic_in
"Your insurance premium of Rs 25,000 is due on 16 April. Renew through the official website. -Team",0,synthetic_in
YOUR APPOINTMENT AT APOLLO CLINIC IS CONFIRMED FOR 19 SEPTEMBER AT 2:45 AM.,0,synthetic_in
The assignment deadline moved to 5 September Submit on the college portal,0,synthetic_in
Your order from Myntra has been shipped and arrives on 17 March.,0,synthetic_in
Your Axis Bank credit card bill of Rs 500 is due on 3 May. Pay through the official app or net banking.,0,synthetic_in
Your gas cylinder booking is confirmed. Delivery expected on 5 July.,0,synthetic_in
The assignment deadline moved to 27 October. Submit on the college portal.,0,synthetic_in
"Your ICICI Bank credit card bill of Rs 50,000 is due on 21 May. Pay through the official app or net banking.",0,synthetic_in
The assignment deadline moved to 8 January Submit on the college portal,0,synthetic_in
HAPPY BIRTHDAY! HOPE YOU HAVE A GREAT DAY. CALL ME WHEN YOU ARE FREE.,0,synthetic_in
Your order from Nykaa has been shipped and arrives on 7 February.,0,synthetic_in
Thanks for your payment of Rs 500. Your subscription is active until 15 January. Act now,0,synthetic_in
"Mummy  said dinner is at 12:30 pm, don't be late again. Act now",0,synthetic_in
Your gas cylinder booking is confirmed. Delivery expected on 21 November.,0,synthetic_in
"Your cab is arriving in 45 minutes. Driver Karthik, vehicle KA38M3397.",0,synthetic_in
Your SBI statement for July is ready. View it in the mobile app.,0,synthetic_in
"UPI payment of Rs 4,999 to Blinkit was successful. Ref 958867301552.",0,synthetic_in
"YOUR PF BALANCE AS ON 23 APRIL IS RS 139,338. CHECK THE EPFO PORTAL FOR DETAILS.",0,synthetic_in
Happy  birthday! Hope you have a great day. Call me when you are free.,0,synthetic_in
"Your train 13284 is running on time. Coach S7, seat 23.",0,synthetic_in
Your Blinkit order has been cancelled and Rs 500 will be refunded in 3-5 working days.,0,synthetic_in
YOUR  BANK OF BARODA CREDIT CARD BILL OF RS 500 IS DUE ON 20 AUGUST PAY THROUGH THE OFFICIAL APP OR NET BANKING,0,synthetic_in
"Hey, are we still meeting at 11:15 am tomorrow? Let me know if the time changed.",0,synthetic_in
Your  flight AI980 is delayed by 10 minutes. New departure 12:45 pm.,0,synthetic_in
"Your cab is arriving in 30 minutes. Driver Anil, vehicle KA20A8669. !!",0,synthetic_in
Your package was delivered today at 4:15 pm. Thank you for shopping with Amazon.,0,synthetic_in
Interview  scheduled for 12 March at 3:00 am. Please carry two copies of your resume.,0,synthetic_in
The assignment deadline moved to 2 September. Submit on the college portal.,0,synthetic_in
Reminder: your electricity bill of Rs 500 is due on 28 October. Pay through the official app.,0,synthetic_in
"Rs 10,000 credited to your PNB account ending 3865. Available balance Rs 173,453.",0,synthetic_in
"REMINDER:  YOUR ELECTRICITY BILL OF RS 25,000 IS DUE ON 24 APRIL. PAY THROUGH THE OFFICIAL APP.",0,synthetic_in
Your appointment at Manipal Hospital is confirmed for 17 October at 8:00 pm.,0,synthetic_in
Your leave request for 27 July has been approved by your manager.,0,synthetic_in
"Mummy said dinner is at 9:00 pm, don't be late again.",0,synthetic_in
"Hey, are we still meeting at 2:45 am tomorrow? Let me know if the time changed",0,synthetic_in
"Hey, are we still meeting at 5:15 am tomorrow? Let me know if the time changed.",0,synthetic_in
Your order from Blinkit has been shipped and arrives on 7 November,0,synthetic_in
"Your cab is arriving in 10 minutes. Driver Anil, vehicle KA92M7029.",0,synthetic_in
"Hey, are we still meeting at 1:00 pm tomorrow? Let me know if the time changed.",0,synthetic_in
"UPI payment of Rs 4,999 to BigBasket was successful. Ref 847110665650.",0,synthetic_in
Your  flight UK838 is delayed by 45 minutes New departure 11:30 pm,0,synthetic_in
"Your PF balance as on 28 March is Rs 172,538. Check the EPFO portal for details.",0,synthetic_in
"RS 99,999 DEBITED FROM YOUR KOTAK ACCOUNT ENDING 3338 ON 5 MAY NOT YOU? CALL THE NUMBER ON YOUR CARD",0,synthetic_in
"Your BigBasket order has been cancelled and Rs 150,000 will be refunded in 3-5 working days.",0,synthetic_in
"Your fixed deposit of Rs 1,999 matures on 23 February Visit the branch for renewal options",0,synthetic_in
INTERVIEW SCHEDULED FOR 16 OCTOBER AT 6:30 PM PLEASE CARRY TWO COPIES OF YOUR RESUME,0,synthetic_in
"Your  train 14439 is running on time. Coach S7, seat 43. -Team",0,synthetic_in
"Your Swiggy order has been cancelled and Rs 1,999 will be refunded in 3-5 working days Reply STOP to opt out",0,synthetic_in
"Your train 17247 is running on time. Coach S12, seat 44.",0,synthetic_in
"Rent for February received, Rs 25,000. Receipt will be shared by email.",0,synthetic_in
Your  flight 6E481 is delayed by 30 minutes. New departure 11:30 am.,0,synthetic_in
YOUR  GAS CYLINDER BOOKING IS CONFIRMED. DELIVERY EXPECTED ON 12 JANUARY.,0,synthetic_in
"Hey, are we still meeting at 4:00 pm tomorrow? Let me know if the time changed.",0,synthetic_in
Society meeting on 27 May at 6:45 am in the community hall. Please attend.,0,synthetic_in
Interview  scheduled for 20 July at 12:45 am. Please carry two copies of your resume. !!,0,synthetic_in
Society meeting on 13 February at 10:45 pm in the community hall. Please attend.,0,synthetic_in
Water supply will be interrupted on 27 March from 12:15 pm for maintenance work.,0,synthetic_in
Your gas cylinder booking is confirmed. Delivery expected on 8 May.,0,synthetic_in
Your  leave request for 8 February has been approved by your manager.,0,synthetic_in
Your leave request for 22 December has been approved by your manager.,0,synthetic_in
Your package was delivered today at 11:00 pm. Thank you for shopping with Swiggy.,0,synthetic_in
REMINDER: YOUR ELECTRICITY BILL OF RS 500 IS DUE ON 13 AUGUST. PAY THROUGH THE OFFICIAL APP.,0,synthetic_in
"Your  cab is arriving in 15 minutes. Driver Vijay, vehicle KA13H1705.",0,synthetic_in
Society meeting on 15 August at 10:30 pm in the community hall. Please attend.,0,synthetic_in
"Rent  for November received, Rs 25,000. Receipt will be shared by email.",0,synthetic_in
"Rent for June received, Rs 10,000 Receipt will be shared by email",0,synthetic_in
YOUR  ICICI BANK STATEMENT FOR JULY IS READY VIEW IT IN THE MOBILE APP,0,synthetic_in
Your ICICI Bank statement for November is ready. View it in the mobile app.,0,synthetic_in
"Your OTP is 928379. Do not share it with anyone, including bank staff.",0,synthetic_in
Society meeting on 13 March at 5:00 pm in the community hall. Please attend.,0,synthetic_in
"UPI payment of Rs 50,000 to Swiggy was successful Ref 168698121927 Reply STOP to opt out",0,synthetic_in
Happy birthday! Hope you have a great day. Call me when you are free.,0,synthetic_in
Reminder: library book due on 9 February. Renew online to avoid a fine.,0,synthetic_in
Your appointment at Apollo Clinic is confirmed for 1 January at 8:45 pm.,0,synthetic_in
Society meeting on 27 November at 12:30 am in the community hall. Please attend.,0,synthetic_in
Society  meeting on 4 December at 1:00 am in the community hall. Please attend.,0,synthetic_in
"MUMMY SAID DINNER IS AT 8:15 PM, DON'T BE LATE AGAIN.",0,synthetic_in
"Rent for December received, Rs 99,999. Receipt will be shared by email. Reply STOP to opt out",0,synthetic_in
Your test results are ready for collection at Manipal Hospital reception.,0,synthetic_in
Your test results are ready for collection at Fortis reception,0,synthetic_in
Your  package was delivered today at 5:30 am. Thank you for shopping with Myntra.,0,synthetic_in
"Your train 15402 is running on time. Coach S9, seat 72. Act now",0,synthetic_in
"Rent for June received, Rs 25,000. Receipt will be shared by email.",0,synthetic_in
"Reminder: your electricity bill of Rs 50,000 is due on 20 December Pay through the official app",0,synthetic_in
"YOUR PF BALANCE AS ON 8 OCTOBER IS RS 173,756. CHECK THE EPFO PORTAL FOR DETAILS.",0,synthetic_in
Reminder: library book due on 10 March. Renew online to avoid a fine.,0,synthetic_in
The assignment deadline moved to 2 October. Submit on the college portal.,0,synthetic_in
"Your Amazon order has been cancelled and Rs 1,999 will be refunded in 3-5 working days.",0,synthetic_in
Society meeting on 24 August at 1:00 pm in the community hall. Please attend.,0,synthetic_in
"Your cab is arriving in 45 minutes. Driver Ramesh, vehicle KA32C7609. !!",0,synthetic_in
Your leave request for 19 July has been approved by your manager.,0,synthetic_in
"YOUR NYKAA ORDER HAS BEEN CANCELLED AND RS 10,000 WILL BE REFUNDED IN 3-5 WORKING DAYS",0,synthetic_in
YOUR ORDER FROM AMAZON HAS BEEN SHIPPED AND ARRIVES ON 22 MAY.,0,synthetic_in
"Rent  for April received, Rs 500. Receipt will be shared by email.",0,synthetic_in
"Rs 10,000 credited to your IndusInd account ending 2849. Available balance Rs 96,723.",0,synthetic_in
Your appointment at Apollo Clinic is confirmed for 23 May at 12:00 am.,0,synthetic_in
"Thanks for your payment of Rs 25,000. Your subscription is active until 21 March.",0,synthetic_in
Your package was delivered today at 6:00 am. Thank you for shopping with Zomato.,0,synthetic_in
Your gas cylinder booking is confirmed. Delivery expected on 10 March.,0,synthetic_in
The assignment deadline moved to 14 January. Submit on the college portal. Reply STOP to opt out,0,synthetic_in
"Your  PNB credit card bill of Rs 10,000 is due on 6 April Pay through the official app or net banking",0,synthetic_in
Your  gas cylinder booking is confirmed. Delivery expected on 14 December.,0,synthetic_in
"RS  4,999 CREDITED TO YOUR HDFC BANK ACCOUNT ENDING 8621. AVAILABLE BALANCE RS 174,969.",0,synthetic_in
REMINDER: LIBRARY BOOK DUE ON 11 FEBRUARY RENEW ONLINE TO AVOID A FINE,0,synthetic_in
Your order from Swiggy has been shipped and arrives on 16 November,0,synthetic_in
"Your cab is arriving in 15 minutes. Driver Imran, vehicle KA95A4667.",0,synthetic_in
Reminder: library book due on 17 December. Renew online to avoid a fine.,0,synthetic_in
"Rs 150,000 debited from your HDFC Bank account ending 3029 on 17 November. Not you? Call the number on your card.",0,synthetic_in
"Your PF balance as on 6 April is Rs 147,165. Check the EPFO portal for details.",0,synthetic_in
"Mummy  said dinner is at 7:30 pm, don't be late again -Team",0,synthetic_in
"Reminder:  your electricity bill of Rs 25,000 is due on 19 January. Pay through the official app.",0,synthetic_in
"HEY, ARE WE STILL MEETING AT 12:45 PM TOMORROW? LET ME KNOW IF THE TIME CHANGED",0,synthetic_in
"THANKS FOR YOUR PAYMENT OF RS 150,000. YOUR SUBSCRIPTION IS ACTIVE UNTIL 14 MARCH.",0,synthetic_in
Your package was delivered today at 12:45 am. Thank you for shopping with Nykaa.,0,synthetic_in
Society meeting on 6 April at 3:30 pm in the community hall. Please attend.,0,synthetic_in
"UPI payment of Rs 10,000 to Swiggy was successful. Ref 856623442948.",0,synthetic_in
Your test results are ready for collection at Fortis reception.,0,synthetic_in
"UPI payment of Rs 150,000 to Amazon was successful Ref 368230157741",0,synthetic_in
"Your monthly SIP of Rs 1,999 in Parag Parikh Flexi Cap has been processed. !!",0,synthetic_in
"Your SBI credit card bill of Rs 10,000 is due on 21 March. Pay through the official app or net banking. -Team",0,synthetic_in
Your appointment at Fortis is confirmed for 14 July at 12:15 pm.,0,synthetic_in
Your gas cylinder booking is confirmed. Delivery expected on 5 April.,0,synthetic_in
"Rs  150,000 debited from your Kotak account ending 1899 on 18 June Not you? Call the number on your card",0,synthetic_in
"Your PF balance as on 8 May is Rs 183,000 Check the EPFO portal for details",0,synthetic_in
UPI  PAYMENT OF RS 500 TO SWIGGY WAS SUCCESSFUL. REF 485007832146. -Team,0,synthetic_in
"Rs 500 credited to your IndusInd account ending 1841. Available balance Rs 81,290. Act now",0,synthetic_in
"RENT FOR AUGUST RECEIVED, RS 25,000 RECEIPT WILL BE SHARED BY EMAIL",0,synthetic_in
"HEY, ARE WE STILL MEETING AT 7:15 AM TOMORROW? LET ME KNOW IF THE TIME CHANGED.",0,synthetic_in
Your appointment at Fortis is confirmed for 17 February at 4:00 pm.,0,synthetic_in
Your package was delivered today at 8:30 pm Thank you for shopping with BigBasket,0,synthetic_in
"YOUR CAB IS ARRIVING IN 15 MINUTES. DRIVER SURESH, VEHICLE KA48D4319.",0,synthetic_in
"Thanks for your payment of Rs 150,000 Your subscription is active until 5 July",0,synthetic_in
YOUR LEAVE REQUEST FOR 20 JANUARY HAS BEEN APPROVED BY YOUR MANAGER.,0,synthetic_in
YOUR  GAS CYLINDER BOOKING IS CONFIRMED DELIVERY EXPECTED ON 5 OCTOBER,0,synthetic_in
"Rs 10,000 credited to your Kotak account ending 3094. Available balance Rs 117,734.",0,synthetic_in
Society meeting on 14 March at 11:15 pm in the community hall. Please attend.,0,synthetic_in
The assignment deadline moved to 2 April. Submit on the college portal.,0,synthetic_in
Society meeting on 9 February at 8:00 pm in the community hall. Please attend.,0,synthetic_in
"YOUR FIXED DEPOSIT OF RS 50,000 MATURES ON 28 OCTOBER. VISIT THE BRANCH FOR RENEWAL OPTIONS.",0,synthetic_in
Your HDFC Bank statement for December is ready. View it in the mobile app.,0,synthetic_in
Your flight SG521 is delayed by 30 minutes. New departure 8:15 pm.,0,synthetic_in
Interview scheduled for 2 March at 8:00 pm. Please carry two copies of your resume.,0,synthetic_in
Your order from Zomato has been shipped and arrives on 26 November.,0,synthetic_in
"Hey, are we still meeting at 2:30 pm tomorrow? Let me know if the time changed.",0,synthetic_in
"Your Swiggy order has been cancelled and Rs 150,000 will be refunded in 3-5 working days.",0,synthetic_in
"YOUR PF BALANCE AS ON 20 DECEMBER IS RS 37,877. CHECK THE EPFO PORTAL FOR DETAILS.",0,synthetic_in
Happy birthday! Hope you have a great day Call me when you are free Reply STOP to opt out,0,synthetic_in
"Your OTP is 168234. Do not share it with anyone, including bank staff.",0,synthetic_in
"Your Nykaa order has been cancelled and Rs 10,000 will be refunded in 3-5 working days.",0,synthetic_in
Your appointment at Manipal Hospital is confirmed for 2 February at 1:00 pm.,0,synthetic_in
YOUR LEAVE REQUEST FOR 3 APRIL HAS BEEN APPROVED BY YOUR MANAGER.,0,synthetic_in
"Your PF balance as on 10 January is Rs 193,876 Check the EPFO portal for details",0,synthetic_in
"Your fixed deposit of Rs 10,000 matures on 20 December. Visit the branch for renewal options.",0,synthetic_in
Water supply will be interrupted on 6 June from 6:30 am for maintenance work.,0,synthetic_in
"Your  Kotak credit card bill of Rs 99,999 is due on 11 October. Pay through the official app or net banking.",0,synthetic_in
"Your  SBI credit card bill of Rs 25,000 is due on 9 January. Pay through the official app or net banking.",0,synthetic_in
"Your OTP is 259445. Do not share it with anyone, including bank staff.",0,synthetic_in
Your  leave request for 10 February has been approved by your manager,0,synthetic_in
YOUR TEST RESULTS ARE READY FOR COLLECTION AT FORTIS RECEPTION.,0,synthetic_in
Your test results are ready for collection at the city health centre reception,0,synthetic_in
Your  package was delivered today at 9:45 pm. Thank you for shopping with Myntra.,0,synthetic_in
"Your  OTP is 985229. Do not share it with anyone, including bank staff.",0,synthetic_in
"Your monthly SIP of Rs 4,999 in Axis Bluechip Fund has been processed",0,synthetic_in
"Your PF balance as on 28 May is Rs 176,898. Check the EPFO portal for details.",0,synthetic_in
Water  supply will be interrupted on 14 September from 2:15 pm for maintenance work.,0,synthetic_in
"UPI payment of Rs 10,000 to Amazon was successful Ref 356131885855",0,synthetic_in
"RS  4,999 DEBITED FROM YOUR SBI ACCOUNT ENDING 4584 ON 17 JUNE NOT YOU? CALL THE NUMBER ON YOUR CARD",0,synthetic_in
"Rs 10,000 credited to your HDFC Bank account ending 6929. Available balance Rs 168,443.",0,synthetic_in
"Your Zomato order has been cancelled and Rs 50,000 will be refunded in 3-5 working days.",0,synthetic_in
The  assignment deadline moved to 10 February. Submit on the college portal.,0,synthetic_in
"Hey,  are we still meeting at 4:00 am tomorrow? Let me know if the time changed.",0,synthetic_in
Society  meeting on 7 December at 12:15 pm in the community hall. Please attend.,0,synthetic_in
"RS 99,999 CREDITED TO YOUR AXIS BANK ACCOUNT ENDING 5558. AVAILABLE BALANCE RS 68,283.",0,synthetic_in
Your leave request for 6 May has been approved by your manager.,0,synthetic_in
"Your PF balance as on 28 January is Rs 213,271. Check the EPFO portal for details.",0,synthetic_in
Society  meeting on 27 September at 1:15 am in the community hall. Please attend.,0,synthetic_in
Society meeting on 11 April at 9:30 am in the community hall Please attend,0,synthetic_in
"Mummy said dinner is at 3:15 am, don't be late again.",0,synthetic_in
"Rs 99,999 debited from your Axis Bank account ending 8979 on 1 April Not you? Call the number on your card",0,synthetic_in
YOUR APPOINTMENT AT FORTIS IS CONFIRMED FOR 24 JULY AT 7:45 PM.,0,synthetic_in
Your test results are ready for collection at Apollo Clinic reception. Act now,0,synthetic_in
The  assignment deadline moved to 26 June. Submit on the college portal.,0,synthetic_in
Interview  scheduled for 2 January at 7:00 am. Please carry two copies of your resume. -Team,0,synthetic_in
Your appointment at Apollo Clinic is confirmed for 22 July at 2:45 pm,0,synthetic_in
The assignment deadline moved to 19 March Submit on the college portal,0,synthetic_in
"Hey, are we still meeting at 12:45 am tomorrow? Let me know if the time changed.",0,synthetic_in
"Your ICICI Bank credit card bill of Rs 4,999 is due on 5 October Pay through the official app or net banking",0,synthetic_in
"YOUR MONTHLY SIP OF RS 50,000 IN AXIS BLUECHIP FUND HAS BEEN PROCESSED.",0,synthetic_in
Water supply will be interrupted on 24 March from 8:00 am for maintenance work,0,synthetic_in
Water supply will be interrupted on 28 September from 7:30 am for maintenance work.,0,synthetic_in
Water supply will be interrupted on 13 February from 4:30 pm for maintenance work.,0,synthetic_in
"Thanks for your payment of Rs 99,999. Your subscription is active until 9 March.",0,synthetic_in
"Rent for December received, Rs 25,000. Receipt will be shared by email.",0,synthetic_in
"RENT FOR JANUARY RECEIVED, RS 1,999. RECEIPT WILL BE SHARED BY EMAIL.",0,synthetic_in
Class  test on Thursday covers chapters 4 to 6. Please bring your lab record.,0,synthetic_in
Your gas cylinder booking is confirmed. Delivery expected on 21 July.,0,synthetic_in
Your test results are ready for collection at Apollo Clinic reception.,0,synthetic_in
Your package was delivered today at 3:45 am. Thank you for shopping with Amazon.,0,synthetic_in
YOUR GAS CYLINDER BOOKING IS CONFIRMED DELIVERY EXPECTED ON 15 DECEMBER,0,synthetic_in
"Your cab is arriving in 30 minutes Driver Karthik, vehicle KA46C6833",0,synthetic_in
"Your train 13807 is running on time Coach S2, seat 56",0,synthetic_in
YOUR KOTAK STATEMENT FOR SEPTEMBER IS READY VIEW IT IN THE MOBILE APP,0,synthetic_in
Your leave request for 19 November has been approved by your manager.,0,synthetic_in
Your test results are ready for collection at Manipal Hospital reception. Act now,0,synthetic_in
Your flight UK645 is delayed by 5 minutes. New departure 1:30 pm.,0,synthetic_in
Your order from Blinkit has been shipped and arrives on 20 November,0,synthetic_in
Society meeting on 25 May at 10:00 am in the community hall. Please attend. !!,0,synthetic_in
Your  flight UK711 is delayed by 15 minutes. New departure 12:30 pm.,0,synthetic_in
"Your fixed deposit of Rs 25,000 matures on 11 February Visit the branch for renewal options",0,synthetic_in
"Rs 150,000 debited from your ICICI Bank account ending 4483 on 11 December. Not you? Call the number on your card.",0,synthetic_in
"Reminder: your electricity bill of Rs 1,999 is due on 9 March. Pay through the official app.",0,synthetic_in
"Your cab is arriving in 10 minutes. Driver Suresh, vehicle KA53F1449.",0,synthetic_in
Your flight AI180 is delayed by 5 minutes. New departure 6:00 am.,0,synthetic_in
Your gas cylinder booking is confirmed. Delivery expected on 13 January.,0,synthetic_in
"Your  monthly SIP of Rs 150,000 in Parag Parikh Flexi Cap has been processed.",0,synthetic_in
Reminder: library book due on 21 January. Renew online to avoid a fine.,0,synthetic_in
"Your OTP is 303216. Do not share it with anyone, including bank staff.",0,synthetic_in
"Your train 12747 is running on time Coach S6, seat 6",0,synthetic_in
Your package was delivered today at 4:30 pm. Thank you for shopping with Flipkart.,0,synthetic_in
Interview scheduled for 22 August at 12:45 am. Please carry two copies of your resume.,0,synthetic_in
"Rs 99,999 debited from your SBI account ending 6111 on 28 March. Not you? Call the number on your card.",0,synthetic_in
Society meeting on 27 April at 7:15 pm in the community hall. Please attend.,0,synthetic_in
Water supply will be interrupted on 17 May from 3:30 am for maintenance work.,0,synthetic_in
Interview  scheduled for 14 June at 11:45 pm. Please carry two copies of your resume.,0,synthetic_in
"Mummy said dinner is at 3:30 pm, don't be late again",0,synthetic_in
YOUR LEAVE REQUEST FOR 11 APRIL HAS BEEN APPROVED BY YOUR MANAGER.,0,synthetic_in
"Your monthly SIP of Rs 10,000 in Axis Bluechip Fund has been processed.",0,synthetic_in
Reminder:  library book due on 19 January. Renew online to avoid a fine.,0,synthetic_in
"Your PF balance as on 1 July is Rs 247,949. Check the EPFO portal for details.",0,synthetic_in
"Your Kotak credit card bill of Rs 50,000 is due on 14 April. Pay through the official app or net banking. Act now",0,synthetic_in
Your flight UK569 is delayed by 30 minutes. New departure 11:00 pm.,0,synthetic_in
Happy birthday! Hope you have a great day Call me when you are free,0,synthetic_in
"Rs 4,999 credited to your PNB account ending 8175. Available balance Rs 249,447.",0,synthetic_in
"Your monthly SIP of Rs 25,000 in SBI Small Cap has been processed.",0,synthetic_in
Your appointment at Fortis is confirmed for 5 August at 3:15 am.,0,synthetic_in
"Your  Zomato order has been cancelled and Rs 99,999 will be refunded in 3-5 working days.",0,synthetic_in
Your order from Flipkart has been shipped and arrives on 13 December.,0,synthetic_in
YOUR APPOINTMENT AT MANIPAL HOSPITAL IS CONFIRMED FOR 4 APRIL AT 9:30 PM.,0,synthetic_in
Your order from Amazon has been shipped and arrives on 21 October,0,synthetic_in
"Your Swiggy order has been cancelled and Rs 99,999 will be refunded in 3-5 working days.",0,synthetic_in
YOUR PACKAGE WAS DELIVERED TODAY AT 12:15 PM. THANK YOU FOR SHOPPING WITH MYNTRA.,0,synthetic_in
"Rent for September received, Rs 500. Receipt will be shared by email. Reply STOP to opt out",0,synthetic_in
"Your ICICI Bank credit card bill of Rs 50,000 is due on 25 March. Pay through the official app or net banking.",0,synthetic_in
Interview scheduled for 21 August at 11:15 am. Please carry two copies of your resume.,0,synthetic_in
"Mummy said dinner is at 11:00 am, don't be late again.",0,synthetic_in
"UPI payment of Rs 50,000 to Amazon was successful. Ref 954354170905.",0,synthetic_in
Interview scheduled for 9 February at 1:30 pm. Please carry two copies of your resume.,0,synthetic_in
"Your cab is arriving in 15 minutes. Driver Imran, vehicle KA94A1047.",0,synthetic_in
"Hey, are we still meeting at 5:15 pm tomorrow? Let me know if the time changed.",0,synthetic_in
"YOUR  INSURANCE PREMIUM OF RS 99,999 IS DUE ON 11 JUNE. RENEW THROUGH THE OFFICIAL WEBSITE.",0,synthetic_in
Your flight UK772 is delayed by 45 minutes. New departure 12:45 pm.,0,synthetic_in
"Mummy said dinner is at 9:45 am, don't be late again.",0,synthetic_in
YOUR TEST RESULTS ARE READY FOR COLLECTION AT THE CITY HEALTH CENTRE RECEPTION.,0,synthetic_in
"Rent for July received, Rs 500. Receipt will be shared by email.",0,synthetic_in
"Reminder: your electricity bill of Rs 150,000 is due on 1 April. Pay through the official app.",0,synthetic_in
Thanks for your payment of Rs 500. Your subscription is active until 4 January.,0,synthetic_in
"RS 10,000 DEBITED FROM YOUR BANK OF BARODA ACCOUNT ENDING 7692 ON 17 JUNE. NOT YOU? CALL THE NUMBER ON YOUR CARD.",0,synthetic_in
"Your cab is arriving in 10 minutes. Driver Imran, vehicle KA62A5602.",0,synthetic_in
"RS 1,999 DEBITED FROM YOUR PNB ACCOUNT ENDING 7096 ON 4 AUGUST NOT YOU? CALL THE NUMBER ON YOUR CARD",0,synthetic_in
"Your monthly SIP of Rs 150,000 in Parag Parikh Flexi Cap has been processed.",0,synthetic_in
"RS 1,999 CREDITED TO YOUR YES BANK ACCOUNT ENDING 1414. AVAILABLE BALANCE RS 158,442.",0,synthetic_in
Your order from Swiggy has been shipped and arrives on 10 March. Act now,0,synthetic_in
"Your cab is arriving in 10 minutes Driver Karthik, vehicle KA68H3709",0,synthetic_in
"Your  fixed deposit of Rs 25,000 matures on 23 April. Visit the branch for renewal options.",0,synthetic_in
"Your monthly SIP of Rs 99,999 in Axis Bluechip Fund has been processed.",0,synthetic_in
Interview scheduled for 4 May at 4:15 pm. Please carry two copies of your resume. Reply STOP to opt out,0,synthetic_in
Your order from Blinkit has been shipped and arrives on 22 September,0,synthetic_in
Your appointment at the city health centre is confirmed for 6 December at 6:00 am.,0,synthetic_in
Interview scheduled for 23 August at 5:45 pm. Please carry two copies of your resume.,0,synthetic_in
Society  meeting on 21 July at 12:15 pm in the community hall. Please attend.,0,synthetic_in
Your appointment at Apollo Clinic is confirmed for 18 December at 3:00 am.,0,synthetic_in
"Rs  99,999 credited to your Axis Bank account ending 4445. Available balance Rs 104,867.",0,synthetic_in
The  assignment deadline moved to 22 February. Submit on the college portal.,0,synthetic_in
"YOUR AMAZON ORDER HAS BEEN CANCELLED AND RS 25,000 WILL BE REFUNDED IN 3-5 WORKING DAYS",0,synthetic_in
Your appointment at Apollo Clinic is confirmed for 28 July at 4:15 pm.,0,synthetic_in
Your leave request for 5 November has been approved by your manager.,0,synthetic_in
"Rs 1,999 debited from your Axis Bank account ending 4825 on 27 June. Not you? Call the number on your card.",0,synthetic_in
"YOUR PF BALANCE AS ON 26 NOVEMBER IS RS 1,392 CHECK THE EPFO PORTAL FOR DETAILS",0,synthetic_in
Your test results are ready for collection at the city health centre reception.,0,synthetic_in
"Your OTP is 674023. Do not share it with anyone, including bank staff.",0,synthetic_in
"Your cab is arriving in 15 minutes. Driver Imran, vehicle KA49K5743.",0,synthetic_in
Your flight AI875 is delayed by 30 minutes. New departure 10:30 pm.,0,synthetic_in
The assignment deadline moved to 11 January. Submit on the college portal.,0,synthetic_in
Your flight UK905 is delayed by 10 minutes New departure 4:30 am,0,synthetic_in
"Your monthly SIP of Rs 150,000 in Axis Bluechip Fund has been processed.",0,synthetic_in
Society meeting on 24 November at 7:30 pm in the community hall. Please attend.,0,synthetic_in
"Your OTP is 924071 Do not share it with anyone, including bank staff",0,synthetic_in
Your insurance premium of Rs 500 is due on 2 June. Renew through the official website. -Team,0,synthetic_in
"Your fixed deposit of Rs 4,999 matures on 23 October. Visit the branch for renewal options.",0,synthetic_in
Your appointment at Manipal Hospital is confirmed for 4 February at 6:45 am. !!,0,synthetic_in
Your  test results are ready for collection at Fortis reception.,0,synthetic_in
Your  fixed deposit of Rs 500 matures on 9 June. Visit the branch for renewal options.,0,synthetic_in
Society meeting on 19 May at 1:00 am in the community hall. Please attend.,0,synthetic_in
"MUMMY SAID DINNER IS AT 10:15 PM, DON'T BE LATE AGAIN.",0,synthetic_in
"Rs 4,999 credited to your HDFC Bank account ending 1039. Available balance Rs 155,538.",0,synthetic_in
"Your insurance premium of Rs 1,999 is due on 10 June. Renew through the official website.",0,synthetic_in
"YOUR NYKAA ORDER HAS BEEN CANCELLED AND RS 25,000 WILL BE REFUNDED IN 3-5 WORKING DAYS.",0,synthetic_in
"Your SBI credit card bill of Rs 25,000 is due on 23 March. Pay through the official app or net banking.",0,synthetic_in
"Your train 11530 is running on time. Coach S9, seat 24.",0,synthetic_in
"Rs  10,000 debited from your Axis Bank account ending 4229 on 11 April. Not you? Call the number on your card.",0,synthetic_in
"Hey,  are we still meeting at 6:15 pm tomorrow? Let me know if the time changed.",0,synthetic_in
"Rs 1,999 debited from your ICICI Bank account ending 6262 on 19 March. Not you? Call the number on your card.",0,synthetic_in
Water supply will be interrupted on 9 March from 4:45 am for maintenance work.,0,synthetic_in
Reminder: library book due on 12 April. Renew online to avoid a fine. Reply STOP to opt out,0,synthetic_in
YOUR  GAS CYLINDER BOOKING IS CONFIRMED. DELIVERY EXPECTED ON 6 APRIL.,0,synthetic_in
"Your IndusInd credit card bill of Rs 99,999 is due on 21 January. Pay through the official app or net banking.",0,synthetic_in
YOUR APPOINTMENT AT FORTIS IS CONFIRMED FOR 6 MARCH AT 1:30 PM.,0,synthetic_in
YOUR  LEAVE REQUEST FOR 16 SEPTEMBER HAS BEEN APPROVED BY YOUR MANAGER.,0,synthetic_in
"Rs  50,000 credited to your SBI account ending 8461. Available balance Rs 208,822.",0,synthetic_in
Rs 500 debited from your Yes Bank account ending 4358 on 10 November Not you? Call the number on your card,0,synthetic_in
Your flight 6E125 is delayed by 30 minutes. New departure 7:45 am.,0,synthetic_in
"YOUR INSURANCE PREMIUM OF RS 10,000 IS DUE ON 12 SEPTEMBER. RENEW THROUGH THE OFFICIAL WEBSITE.",0,synthetic_in
YOUR APPOINTMENT AT FORTIS IS CONFIRMED FOR 18 MAY AT 7:45 PM.,0,synthetic_in
"Rs 50,000 credited to your IndusInd account ending 3619. Available balance Rs 141,674. !!",0,synthetic_in
YOUR ORDER FROM FLIPKART HAS BEEN SHIPPED AND ARRIVES ON 20 NOVEMBER,0,synthetic_in
Your order from Zomato has been shipped and arrives on 9 May. !!,0,synthetic_in
Your  test results are ready for collection at the city health centre reception.,0,synthetic_in
"RS 10,000 CREDITED TO YOUR ICICI BANK ACCOUNT ENDING 5765. AVAILABLE BALANCE RS 9,236.",0,synthetic_in
Your HDFC Bank statement for October is ready View it in the mobile app Reply STOP to opt out,0,synthetic_in
"MUMMY SAID DINNER IS AT 6:45 PM, DON'T BE LATE AGAIN.",0,synthetic_in
"YOUR TRAIN 19380 IS RUNNING ON TIME. COACH S7, SEAT 48.",0,synthetic_in
"UPI  payment of Rs 150,000 to BigBasket was successful. Ref 965027973253.",0,synthetic_in
Your appointment at the city health centre is confirmed for 21 April at 9:15 pm.,0,synthetic_in
Your  order from Zomato has been shipped and arrives on 8 August.,0,synthetic_in
Your  test results are ready for collection at the city health centre reception. Act now,0,synthetic_in
Your order from Swiggy has been shipped and arrives on 27 May.,0,synthetic_in
Class  test on Thursday covers chapters 4 to 6 Please bring your lab record,0,synthetic_in
REMINDER: LIBRARY BOOK DUE ON 23 JULY. RENEW ONLINE TO AVOID A FINE.,0,synthetic_in
"Hey,  are we still meeting at 6:00 am tomorrow? Let me know if the time changed.",0,synthetic_in
"Hey, are we still meeting at 3:45 pm tomorrow? Let me know if the time changed.",0,synthetic_in
Your  gas cylinder booking is confirmed. Delivery expected on 24 February.,0,synthetic_in
"Your train 19027 is running on time. Coach S10, seat 67.",0,synthetic_in
Your test results are ready for collection at Apollo Clinic reception,0,synthetic_in
"YOUR  MONTHLY SIP OF RS 150,000 IN SBI SMALL CAP HAS BEEN PROCESSED.",0,synthetic_in
"Your cab is arriving in 30 minutes. Driver Anil, vehicle KA16J8832.",0,synthetic_in
"Your PF balance as on 20 November is Rs 243,937. Check the EPFO portal for details.",0,synthetic_in
"Your PF balance as on 11 October is Rs 147,808 Check the EPFO portal for details",0,synthetic_in
"Rs 1,999 credited to your IndusInd account ending 6978. Available balance Rs 152,713.",0,synthetic_in
Your package was delivered today at 9:15 am. Thank you for shopping with Nykaa. Reply STOP to opt out,0,synthetic_in
"Your PF balance as on 16 April is Rs 62,742. Check the EPFO portal for details. !!",0,synthetic_in
"YOUR OTP IS 819146. DO NOT SHARE IT WITH ANYONE, INCLUDING BANK STAFF.",0,synthetic_in
YOUR FLIGHT UK136 IS DELAYED BY 45 MINUTES. NEW DEPARTURE 6:30 AM.,0,synthetic_in
"Rent for July received, Rs 150,000. Receipt will be shared by email.",0,synthetic_in
"Hey, are we still meeting at 6:45 pm tomorrow? Let me know if the time changed.",0,synthetic_in
Interview scheduled for 17 October at 8:15 am. Please carry two copies of your resume.,0,synthetic_in
"Reminder: your electricity bill of Rs 99,999 is due on 23 September. Pay through the official app.",0,synthetic_in
"Your fixed deposit of Rs 10,000 matures on 1 January. Visit the branch for renewal options.",0,synthetic_in
The assignment deadline moved to 24 June. Submit on the college portal.,0,synthetic_in
The assignment deadline moved to 17 June Submit on the college portal,0,synthetic_in
"Your OTP is 371960. Do not share it with anyone, including bank staff. Reply STOP to opt out",0,synthetic_in
"Your  monthly SIP of Rs 99,999 in HDFC Index Fund has been processed.",0,synthetic_in
"Your cab is arriving in 5 minutes. Driver Suresh, vehicle KA26C5576.",0,synthetic_in
Reminder: library book due on 4 May. Renew online to avoid a fine.,0,synthetic_in
Happy birthday! Hope you have a great day Call me when you are free !!,0,synthetic_in
"Your monthly SIP of Rs 4,999 in HDFC Index Fund has been processed.",0,synthetic_in
REMINDER: LIBRARY BOOK DUE ON 20 JUNE. RENEW ONLINE TO AVOID A FINE.,0,synthetic_in
Your gas cylinder booking is confirmed. Delivery expected on 22 February.,0,synthetic_in
Your leave request for 22 February has been approved by your manager.,0,synthetic_in
Interview scheduled for 4 February at 5:15 am. Please carry two copies of your resume.,0,synthetic_in
Your  appointment at Apollo Clinic is confirmed for 12 June at 10:45 pm.,0,synthetic_in
"Your PF balance as on 6 August is Rs 21,928. Check the EPFO portal for details.",0,synthetic_in
"Your OTP is 280708. Do not share it with anyone, including bank staff.",0,synthetic_in
Your package was delivered today at 7:30 pm. Thank you for shopping with Swiggy.,0,synthetic_in
Your Bank of Baroda statement for May is ready. View it in the mobile app.,0,synthetic_in
"Your fixed deposit of Rs 150,000 matures on 26 March Visit the branch for renewal options Act now",0,synthetic_in
"Your train 16359 is running on time. Coach S2, seat 34.",0,synthetic_in
"Your cab is arriving in 30 minutes Driver Anil, vehicle KA56D7456",0,synthetic_in
"RS 150,000 DEBITED FROM YOUR BANK OF BARODA ACCOUNT ENDING 3618 ON 25 FEBRUARY NOT YOU? CALL THE NUMBER ON YOUR CARD",0,synthetic_in
"Rs 10,000 credited to your IndusInd account ending 6324. Available balance Rs 219,128.",0,synthetic_in
"Rent for February received, Rs 500. Receipt will be shared by email.",0,synthetic_in
The assignment deadline moved to 9 November. Submit on the college portal.,0,synthetic_in
YOUR ORDER FROM BIGBASKET HAS BEEN SHIPPED AND ARRIVES ON 11 JUNE.,0,synthetic_in
Society meeting on 9 November at 2:15 am in the community hall. Please attend.,0,synthetic_in
"Your fixed deposit of Rs 4,999 matures on 17 October. Visit the branch for renewal options.",0,synthetic_in
Reminder: library book due on 3 October. Renew online to avoid a fine.,0,synthetic_in
HAPPY BIRTHDAY! HOPE YOU HAVE A GREAT DAY. CALL ME WHEN YOU ARE FREE. Reply STOP to opt out,0,synthetic_in
Your leave request for 22 July has been approved by your manager.,0,synthetic_in
Water supply will be interrupted on 4 September from 1:15 pm for maintenance work. !!,0,synthetic_in
"REMINDER:  YOUR ELECTRICITY BILL OF RS 99,999 IS DUE ON 2 JUNE. PAY THROUGH THE OFFICIAL APP. !!",0,synthetic_in
Your SBI statement for February is ready. View it in the mobile app.,0,synthetic_in
"YOUR TRAIN 19657 IS RUNNING ON TIME. COACH S3, SEAT 61.",0,synthetic_in
Your flight AI958 is delayed by 5 minutes. New departure 9:45 am.,0,synthetic_in
Your  IndusInd statement for February is ready. View it in the mobile app.,0,synthetic_in
"Your Axis Bank credit card bill of Rs 150,000 is due on 22 April. Pay through the official app or net banking.",0,synthetic_in
"Rs 150,000 debited from your ICICI Bank account ending 7482 on 28 June. Not you? Call the number on your card.",0,synthetic_in
Interview scheduled for 23 October at 4:00 pm. Please carry two copies of your resume.,0,synthetic_in
Reminder: library book due on 24 August. Renew online to avoid a fine.,0,synthetic_in
Interview scheduled for 19 December at 12:45 am. Please carry two copies of your resume.,0,synthetic_in
"Hey, are we still meeting at 3:30 am tomorrow? Let me know if the time changed.",0,synthetic_in
INTERVIEW SCHEDULED FOR 16 MARCH AT 1:45 AM. PLEASE CARRY TWO COPIES OF YOUR RESUME.,0,synthetic_in
Society meeting on 27 June at 8:45 am in the community hall Please attend,0,synthetic_in
"UPI  payment of Rs 1,999 to Zomato was successful. Ref 418562472883.",0,synthetic_in
YOUR INDUSIND STATEMENT FOR NOVEMBER IS READY. VIEW IT IN THE MOBILE APP.,0,synthetic_in
"Mummy said dinner is at 3:45 pm, don't be late again",0,synthetic_in
Your appointment at the city health centre is confirmed for 16 January at 12:30 pm.,0,synthetic_in
"Your OTP is 790937. Do not share it with anyone, including bank staff.",0,synthetic_in
"Your fixed deposit of Rs 99,999 matures on 8 June. Visit the branch for renewal options.",0,synthetic_in
"Mummy said dinner is at 4:30 pm, don't be late again.",0,synthetic_in
"Your PF balance as on 15 August is Rs 99,003. Check the EPFO portal for details.",0,synthetic_in
"Rs  150,000 debited from your PNB account ending 7043 on 3 April. Not you? Call the number on your card.",0,synthetic_in
Your appointment at Fortis is confirmed for 20 September at 9:00 pm.,0,synthetic_in
"Your insurance premium of Rs 99,999 is due on 28 December. Renew through the official website.",0,synthetic_in
"Your  train 13293 is running on time. Coach S10, seat 61.",0,synthetic_in
"Your OTP is 224941. Do not share it with anyone, including bank staff.",0,synthetic_in
"MUMMY SAID DINNER IS AT 9:00 AM, DON'T BE LATE AGAIN.",0,synthetic_in
"Mummy said dinner is at 9:30 am, don't be late again.",0,synthetic_in
"Your PF balance as on 4 April is Rs 244,984. Check the EPFO portal for details.",0,synthetic_in
"UPI payment of Rs 25,000 to Myntra was successful. Ref 844093829866.",0,synthetic_in
"Your cab is arriving in 15 minutes. Driver Karthik, vehicle KA23A2053.",0,synthetic_in
Reminder: library book due on 19 November. Renew online to avoid a fine. !!,0,synthetic_in
YOUR FLIGHT UK708 IS DELAYED BY 30 MINUTES. NEW DEPARTURE 9:30 AM.,0,synthetic_in
"UPI payment of Rs 4,999 to Swiggy was successful. Ref 827884716008.",0,synthetic_in
"UPI payment of Rs 25,000 to Blinkit was successful Ref 562177157279 Reply STOP to opt out",0,synthetic_in
YOUR GAS CYLINDER BOOKING IS CONFIRMED. DELIVERY EXPECTED ON 25 OCTOBER.,0,synthetic_in
"Thanks for your payment of Rs 1,999. Your subscription is active until 11 August.",0,synthetic_in
"Hey, are we still meeting at 12:00 pm tomorrow? Let me know if the time changed.",0,synthetic_in
"Rent for August received, Rs 500. Receipt will be shared by email.",0,synthetic_in
Your gas cylinder booking is confirmed. Delivery expected on 22 October. Act now,0,synthetic_in
Class test on Thursday covers chapters 4 to 6. Please bring your lab record. !!,0,synthetic_in
"Reminder: your electricity bill of Rs 10,000 is due on 25 August. Pay through the official app.",0,synthetic_in
Your flight AI425 is delayed by 5 minutes. New departure 5:15 am.,0,synthetic_in
Your leave request for 20 December has been approved by your manager.,0,synthetic_in
Society  meeting on 19 July at 5:00 am in the community hall. Please attend.,0,synthetic_in
"Reminder:  your electricity bill of Rs 10,000 is due on 18 January. Pay through the official app.",0,synthetic_in
"Your train 10250 is running on time. Coach S12, seat 64.",0,synthetic_in
"Your monthly SIP of Rs 4,999 in Axis Bluechip Fund has been processed.",0,synthetic_in
Water supply will be interrupted on 22 July from 6:00 am for maintenance work.,0,synthetic_in
"Thanks  for your payment of Rs 4,999 Your subscription is active until 23 February",0,synthetic_in
"UPI PAYMENT OF RS 99,999 TO BIGBASKET WAS SUCCESSFUL. REF 738459679211.",0,synthetic_in
Thanks  for your payment of Rs 500. Your subscription is active until 2 November.,0,synthetic_in
Your flight UK481 is delayed by 10 minutes. New departure 9:15 pm.,0,synthetic_in
"Rent for April received, Rs 4,999. Receipt will be shared by email. !!",0,synthetic_in
Society  meeting on 20 April at 6:00 am in the community hall. Please attend.,0,synthetic_in
Your fixed deposit of Rs 500 matures on 28 July Visit the branch for renewal options Reply STOP to opt out,0,synthetic_in
"Rs 50,000 debited from your Bank of Baroda account ending 2641 on 19 July. Not you? Call the number on your card.",0,synthetic_in
REMINDER: LIBRARY BOOK DUE ON 23 AUGUST. RENEW ONLINE TO AVOID A FINE.,0,synthetic_in
Your appointment at Apollo Clinic is confirmed for 1 June at 1:00 pm.,0,synthetic_in
"Mummy said dinner is at 11:30 pm, don't be late again.",0,synthetic_in
"Rent for May received, Rs 10,000 Receipt will be shared by email",0,synthetic_in
"RENT FOR SEPTEMBER RECEIVED, RS 99,999. RECEIPT WILL BE SHARED BY EMAIL.",0,synthetic_in
"Your HDFC Bank credit card bill of Rs 99,999 is due on 22 October. Pay through the official app or net banking.",0,synthetic_in
Water supply will be interrupted on 17 March from 11:45 am for maintenance work.,0,synthetic_in
"Rent for August received, Rs 50,000. Receipt will be shared by email.",0,synthetic_in
"Your fixed deposit of Rs 25,000 matures on 14 May. Visit the branch for renewal options.",0,synthetic_in
"Hey, are we still meeting at 9:00 pm tomorrow? Let me know if the time changed.",0,synthetic_in
"Rent for April received, Rs 99,999. Receipt will be shared by email.",0,synthetic_in
Your  insurance premium of Rs 500 is due on 4 July. Renew through the official website. Act now,0,synthetic_in
The assignment deadline moved to 22 August. Submit on the college portal.,0,synthetic_in
"Your PF balance as on 22 October is Rs 103,357. Check the EPFO portal for details.",0,synthetic_in
"RS 1,999 CREDITED TO YOUR PNB ACCOUNT ENDING 6656. AVAILABLE BALANCE RS 223,123.",0,synthetic_in
YOUR PACKAGE WAS DELIVERED TODAY AT 8:30 AM. THANK YOU FOR SHOPPING WITH AMAZON.,0,synthetic_in
YOUR TEST RESULTS ARE READY FOR COLLECTION AT MANIPAL HOSPITAL RECEPTION.,0,synthetic_in
HAPPY BIRTHDAY! HOPE YOU HAVE A GREAT DAY. CALL ME WHEN YOU ARE FREE. Act now,0,synthetic_in
"Your insurance premium of Rs 150,000 is due on 14 December. Renew through the official website.",0,synthetic_in
"Your insurance premium of Rs 50,000 is due on 28 July. Renew through the official website.",0,synthetic_in
"UPI payment of Rs 4,999 to Swiggy was successful. Ref 591660105229.",0,synthetic_in
Happy birthday! Hope you have a great day. Call me when you are free. Reply STOP to opt out,0,synthetic_in
"YOUR MYNTRA ORDER HAS BEEN CANCELLED AND RS 99,999 WILL BE REFUNDED IN 3-5 WORKING DAYS.",0,synthetic_in
Your package was delivered today at 2:00 am. Thank you for shopping with Nykaa.,0,synthetic_in
"YOUR PF BALANCE AS ON 23 APRIL IS RS 243,132 CHECK THE EPFO PORTAL FOR DETAILS",0,synthetic_in
Your appointment at the city health centre is confirmed for 23 May at 9:30 pm,0,synthetic_in
"Your fixed deposit of Rs 150,000 matures on 6 July. Visit the branch for renewal options.",0,synthetic_in
Your Kotak statement for September is ready. View it in the mobile app.,0,synthetic_in
"Thanks for your payment of Rs 1,999. Your subscription is active until 5 June.",0,synthetic_in
"Thanks for your payment of Rs 25,000. Your subscription is active until 11 May.",0,synthetic_in
"Rent for February received, Rs 150,000. Receipt will be shared by email.",0,synthetic_in
Interview scheduled for 19 September at 5:45 pm. Please carry two copies of your resume.,0,synthetic_in
"Your fixed deposit of Rs 4,999 matures on 26 April. Visit the branch for renewal options.",0,synthetic_in
Your order from Amazon has been shipped and arrives on 20 May.,0,synthetic_in
"Your cab is arriving in 10 minutes Driver Suresh, vehicle KA15P6188",0,synthetic_in
Reminder: library book due on 5 October. Renew online to avoid a fine.,0,synthetic_in
Your flight 6E883 is delayed by 15 minutes. New departure 6:00 am.,0,synthetic_in
SOCIETY  MEETING ON 19 MARCH AT 4:15 PM IN THE COMMUNITY HALL PLEASE ATTEND,0,synthetic_in
Your package was delivered today at 8:45 pm. Thank you for shopping with Blinkit.,0,synthetic_in
Your HDFC Bank statement for May is ready. View it in the mobile app. Reply STOP to opt out,0,synthetic_in
"Rent  for July received, Rs 150,000. Receipt will be shared by email.",0,synthetic_in
"Rs 50,000 credited to your HDFC Bank account ending 8643. Available balance Rs 68,477.",0,synthetic_in
"Reminder:  your electricity bill of Rs 1,999 is due on 25 January. Pay through the official app.",0,synthetic_in
The assignment deadline moved to 28 April. Submit on the college portal.,0,synthetic_in
"UPI PAYMENT OF RS 25,000 TO NYKAA WAS SUCCESSFUL. REF 987519641006.",0,synthetic_in
"Rs 50,000 credited to your IndusInd account ending 5186. Available balance Rs 34,269.",0,synthetic_in
"Your monthly SIP of Rs 150,000 in HDFC Index Fund has been processed.",0,synthetic_in
"Your OTP is 303575. Do not share it with anyone, including bank staff.",0,synthetic_in
"HEY, ARE WE STILL MEETING AT 7:15 PM TOMORROW? LET ME KNOW IF THE TIME CHANGED.",0,synthetic_in
"Your PF balance as on 17 January is Rs 4,193. Check the EPFO portal for details.",0,synthetic_in
"YOUR TRAIN 12091 IS RUNNING ON TIME. COACH S8, SEAT 20.",0,synthetic_in
"Your train 15316 is running on time. Coach S4, seat 49. !!",0,synthetic_in
"Mummy said dinner is at 1:45 am, don't be late again",0,synthetic_in
REMINDER: LIBRARY BOOK DUE ON 24 SEPTEMBER. RENEW ONLINE TO AVOID A FINE.,0,synthetic_in
Interview scheduled for 20 April at 4:00 pm. Please carry two copies of your resume.,0,synthetic_in
Your appointment at Fortis is confirmed for 11 February at 5:00 am.,0,synthetic_in
Your  leave request for 1 May has been approved by your manager,0,synthetic_in
Reminder: library book due on 12 March. Renew online to avoid a fine.,0,synthetic_in
"Your PF balance as on 23 November is Rs 90,656. Check the EPFO portal for details. -Team",0,synthetic_in
The assignment deadline moved to 24 May. Submit on the college portal.,0,synthetic_in
Water supply will be interrupted on 11 October from 8:45 pm for maintenance work.,0,synthetic_in
"RS 99,999 DEBITED FROM YOUR CANARA BANK ACCOUNT ENDING 8617 ON 8 FEBRUARY. NOT YOU? CALL THE NUMBER ON YOUR CARD.",0,synthetic_in
Your flight SG619 is delayed by 45 minutes. New departure 9:30 am.,0,synthetic_in
YOUR ORDER FROM AMAZON HAS BEEN SHIPPED AND ARRIVES ON 20 APRIL. Act now,0,synthetic_in
"Your train 15255 is running on time. Coach S8, seat 22.",0,synthetic_in
"Your cab is arriving in 30 minutes. Driver Anil, vehicle KA59E9612.",0,synthetic_in
"Your fixed deposit of Rs 25,000 matures on 9 February. Visit the branch for renewal options.",0,synthetic_in
"Rs 25,000 debited from your HDFC Bank account ending 9789 on 19 May. Not you? Call the number on your card. !!",0,synthetic_in
"Your train 13259 is running on time. Coach S1, seat 24.",0,synthetic_in
Your appointment at the city health centre is confirmed for 25 January at 6:30 am.,0,synthetic_in
Your  appointment at the city health centre is confirmed for 7 May at 8:15 am.,0,synthetic_in
Your appointment at the city health centre is confirmed for 18 August at 12:15 pm.,0,synthetic_in
"Your  cab is arriving in 30 minutes. Driver Imran, vehicle KA51N8111. !!",0,synthetic_in
Class test on Thursday covers chapters 4 to 6 Please bring your lab record,0,synthetic_in
Your order from Nykaa has been shipped and arrives on 27 May.,0,synthetic_in
"RENT  FOR AUGUST RECEIVED, RS 500. RECEIPT WILL BE SHARED BY EMAIL.",0,synthetic_in
Your  flight UK537 is delayed by 10 minutes. New departure 10:15 pm.,0,synthetic_in
"UPI payment of Rs 1,999 to Blinkit was successful. Ref 276263003774.",0,synthetic_in
"Your insurance premium of Rs 25,000 is due on 24 April. Renew through the official website.",0,synthetic_in
WATER SUPPLY WILL BE INTERRUPTED ON 2 MAY FROM 10:45 AM FOR MAINTENANCE WORK.,0,synthetic_in
Interview scheduled for 7 December at 1:30 pm. Please carry two copies of your resume.,0,synthetic_in
"Reminder: your electricity bill of Rs 4,999 is due on 13 August. Pay through the official app.",0,synthetic_in
SOCIETY MEETING ON 22 DECEMBER AT 11:45 PM IN THE COMMUNITY HALL. PLEASE ATTEND. -Team,0,synthetic_in
"HEY, ARE WE STILL MEETING AT 5:45 AM TOMORROW? LET ME KNOW IF THE TIME CHANGED.",0,synthetic_in
Your leave request for 15 April has been approved by your manager,0,synthetic_in
Society meeting on 21 August at 8:00 pm in the community hall Please attend,0,synthetic_in
The assignment deadline moved to 10 May. Submit on the college portal.,0,synthetic_in
"YOUR TRAIN 14610 IS RUNNING ON TIME. COACH S12, SEAT 58.",0,synthetic_in
"Your PF balance as on 23 June is Rs 202,159 Check the EPFO portal for details",0,synthetic_in
"Your IndusInd credit card bill of Rs 99,999 is due on 9 February. Pay through the official app or net banking.",0,synthetic_in
Interview scheduled for 17 October at 7:30 pm Please carry two copies of your resume,0,synthetic_in
YOUR FLIGHT SG560 IS DELAYED BY 45 MINUTES NEW DEPARTURE 6:30 PM,0,synthetic_in
Reminder: library book due on 10 November Renew online to avoid a fine,0,synthetic_in
"Your  OTP is 373110. Do not share it with anyone, including bank staff.",0,synthetic_in
"Thanks for your payment of Rs 4,999. Your subscription is active until 15 February.",0,synthetic_in
Your  Bank of Baroda statement for July is ready View it in the mobile app,0,synthetic_in
Your gas cylinder booking is confirmed. Delivery expected on 10 September.,0,synthetic_in
"Rent for July received, Rs 25,000. Receipt will be shared by email. -Team",0,synthetic_in
Your package was delivered today at 8:00 pm. Thank you for shopping with Myntra.,0,synthetic_in
Water supply will be interrupted on 26 January from 11:00 pm for maintenance work.,0,synthetic_in
"Rent for February received, Rs 4,999. Receipt will be shared by email.",0,synthetic_in
Your gas cylinder booking is confirmed. Delivery expected on 15 May.,0,synthetic_in
"UPI payment of Rs 4,999 to Myntra was successful. Ref 467176782135.",0,synthetic_in
Reminder: library book due on 9 January. Renew online to avoid a fine.,0,synthetic_in
The assignment deadline moved to 15 March. Submit on the college portal.,0,synthetic_in
"YOUR MONTHLY SIP OF RS 25,000 IN HDFC INDEX FUND HAS BEEN PROCESSED.",0,synthetic_in
"Your OTP is 503582. Do not share it with anyone, including bank staff.",0,synthetic_in
"Your Kotak credit card bill of Rs 25,000 is due on 17 October. Pay through the official app or net banking.",0,synthetic_in
"Your PF balance as on 4 July is Rs 138,466. Check the EPFO portal for details.",0,synthetic_in
"Your OTP is 316784. Do not share it with anyone, including bank staff.",0,synthetic_in
Your Kotak statement for August is ready. View it in the mobile app.,0,synthetic_in
"Your OTP is 623632. Do not share it with anyone, including bank staff.",0,synthetic_in
Your package was delivered today at 2:45 pm Thank you for shopping with Amazon,0,synthetic_in
Your appointment at Manipal Hospital is confirmed for 21 July at 3:00 pm.,0,synthetic_in
Your leave request for 21 November has been approved by your manager. Act now,0,synthetic_in
"Rs 1,999 credited to your Kotak account ending 9352 Available balance Rs 54,675",0,synthetic_in
INTERVIEW SCHEDULED FOR 19 OCTOBER AT 12:00 AM. PLEASE CARRY TWO COPIES OF YOUR RESUME.,0,synthetic_in
Your leave request for 24 January has been approved by your manager,0,synthetic_in
"Your  insurance premium of Rs 4,999 is due on 2 November Renew through the official website",0,synthetic_in
Your gas cylinder booking is confirmed. Delivery expected on 12 April.,0,synthetic_in
Your PNB statement for November is ready. View it in the mobile app.,0,synthetic_in
Your appointment at Apollo Clinic is confirmed for 2 August at 11:00 pm.,0,synthetic_in
Reminder: library book due on 8 June. Renew online to avoid a fine.,0,synthetic_in
"YOUR  MONTHLY SIP OF RS 99,999 IN HDFC INDEX FUND HAS BEEN PROCESSED.",0,synthetic_in
Reminder: library book due on 22 October. Renew online to avoid a fine. Reply STOP to opt out,0,synthetic_in
Your package was delivered today at 6:00 pm. Thank you for shopping with Swiggy.,0,synthetic_in
"Your cab is arriving in 45 minutes. Driver Suresh, vehicle KA47F5556.",0,synthetic_in
YOUR ORDER FROM MYNTRA HAS BEEN SHIPPED AND ARRIVES ON 26 JUNE.,0,synthetic_in
"Your PF balance as on 24 July is Rs 5,022. Check the EPFO portal for details.",0,synthetic_in
Your  Yes Bank statement for October is ready. View it in the mobile app.,0,synthetic_in
"Thanks for your payment of Rs 150,000. Your subscription is active until 19 January.",0,synthetic_in
"YOUR FIXED DEPOSIT OF RS 50,000 MATURES ON 12 JANUARY. VISIT THE BRANCH FOR RENEWAL OPTIONS.",0,synthetic_in
Society meeting on 25 April at 5:30 am in the community hall. Please attend.,0,synthetic_in
"Your cab is arriving in 5 minutes. Driver Karthik, vehicle KA82H3588.",0,synthetic_in
"Reminder: your electricity bill of Rs 4,999 is due on 10 September. Pay through the official app.",0,synthetic_in
Your flight SG676 is delayed by 45 minutes New departure 3:00 pm,0,synthetic_in
Your flight AI434 is delayed by 45 minutes New departure 10:15 pm,0,synthetic_in
"Rs 1,999 credited to your PNB account ending 2359 Available balance Rs 219,512 Reply STOP to opt out",0,synthetic_in
"YOUR CAB IS ARRIVING IN 45 MINUTES DRIVER VIJAY, VEHICLE KA70G9390",0,synthetic_in
YOUR GAS CYLINDER BOOKING IS CONFIRMED DELIVERY EXPECTED ON 4 AUGUST,0,synthetic_in
Society meeting on 22 May at 2:00 pm in the community hall. Please attend.,0,synthetic_in
Your package was delivered today at 1:00 am Thank you for shopping with Blinkit,0,synthetic_in
Society meeting on 28 November at 7:45 pm in the community hall. Please attend.,0,synthetic_in
"Rs 150,000 debited from your HDFC Bank account ending 9310 on 25 August. Not you? Call the number on your card.",0,synthetic_in
Water supply will be interrupted on 24 November from 6:45 am for maintenance work.,0,synthetic_in
"Your OTP is 600041. Do not share it with anyone, including bank staff.",0,synthetic_in
Water supply will be interrupted on 4 July from 8:15 am for maintenance work,0,synthetic_in
"Your cab is arriving in 30 minutes. Driver Vijay, vehicle KA14A9681.",0,synthetic_in
"Your PF balance as on 6 February is Rs 89,165. Check the EPFO portal for details.",0,synthetic_in
"Your  monthly SIP of Rs 10,000 in SBI Small Cap has been processed.",0,synthetic_in
YOUR KOTAK STATEMENT FOR JULY IS READY. VIEW IT IN THE MOBILE APP.,0,synthetic_in
"Your PF balance as on 27 December is Rs 19,106. Check the EPFO portal for details.",0,synthetic_in
"Your fixed deposit of Rs 4,999 matures on 25 June. Visit the branch for renewal options.",0,synthetic_in
"Your train 11455 is running on time. Coach S10, seat 62.",0,synthetic_in
"Your fixed deposit of Rs 1,999 matures on 13 February. Visit the branch for renewal options.",0,synthetic_in
"Rent for January received, Rs 1,999 Receipt will be shared by email",0,synthetic_in
Your  appointment at Apollo Clinic is confirmed for 26 March at 6:15 pm.,0,synthetic_in
Rs 500 debited from your PNB account ending 1081 on 6 October. Not you? Call the number on your card.,0,synthetic_in
"Rs 1,999 credited to your Kotak account ending 2399 Available balance Rs 229,974",0,synthetic_in
Your ICICI Bank statement for March is ready. View it in the mobile app.,0,synthetic_in
"Your PF balance as on 24 November is Rs 227,869. Check the EPFO portal for details.",0,synthetic_in
Reminder: library book due on 24 December Renew online to avoid a fine,0,synthetic_in
"Rs 1,999 credited to your SBI account ending 9996. Available balance Rs 152,995.",0,synthetic_in
"Your  PF balance as on 2 July is Rs 142,334. Check the EPFO portal for details.",0,synthetic_in
"Your  Nykaa order has been cancelled and Rs 150,000 will be refunded in 3-5 working days.",0,synthetic_in
YOUR PACKAGE WAS DELIVERED TODAY AT 1:30 AM THANK YOU FOR SHOPPING WITH BIGBASKET Reply STOP to opt out,0,synthetic_in
THE  ASSIGNMENT DEADLINE MOVED TO 14 NOVEMBER. SUBMIT ON THE COLLEGE PORTAL.,0,synthetic_in
"Your fixed deposit of Rs 1,999 matures on 6 March. Visit the branch for renewal options.",0,synthetic_in
Your order from Amazon has been shipped and arrives on 18 August,0,synthetic_in
"YOUR PF BALANCE AS ON 20 APRIL IS RS 75,373. CHECK THE EPFO PORTAL FOR DETAILS.",0,synthetic_in
"Rent for September received, Rs 1,999 Receipt will be shared by email",0,synthetic_in
"YOUR INDUSIND CREDIT CARD BILL OF RS 99,999 IS DUE ON 7 MAY. PAY THROUGH THE OFFICIAL APP OR NET BANKING.",0,synthetic_in
"Your Amazon order has been cancelled and Rs 50,000 will be refunded in 3-5 working days.",0,synthetic_in
The assignment deadline moved to 9 March. Submit on the college portal.,0,synthetic_in
"Your monthly SIP of Rs 10,000 in SBI Small Cap has been processed",0,synthetic_in
"Your  train 17102 is running on time. Coach S10, seat 40.",0,synthetic_in
"RS 25,000 DEBITED FROM YOUR CANARA BANK ACCOUNT ENDING 8389 ON 25 AUGUST. NOT YOU? CALL THE NUMBER ON YOUR CARD.",0,synthetic_in
"Hey, are we still meeting at 7:15 am tomorrow? Let me know if the time changed",0,synthetic_in
"Reminder: your electricity bill of Rs 99,999 is due on 27 February. Pay through the official app.",0,synthetic_in
Your flight AI907 is delayed by 15 minutes New departure 5:45 am,0,synthetic_in
"YOUR  TRAIN 16140 IS RUNNING ON TIME. COACH S6, SEAT 60.",0,synthetic_in
The  assignment deadline moved to 13 June. Submit on the college portal. Reply STOP to opt out,0,synthetic_in
"UPI payment of Rs 99,999 to Nykaa was successful. Ref 263979885692.",0,synthetic_in
Your flight 6E431 is delayed by 45 minutes. New departure 1:45 am.,0,synthetic_in
The assignment deadline moved to 17 October. Submit on the college portal.,0,synthetic_in
Reminder: library book due on 10 May. Renew online to avoid a fine.,0,synthetic_in
"Your OTP is 267592. Do not share it with anyone, including bank staff.",0,synthetic_in
"Mummy said dinner is at 4:15 am, don't be late again.",0,synthetic_in
Your leave request for 24 August has been approved by your manager,0,synthetic_in
The assignment deadline moved to 23 November. Submit on the college portal.,0,synthetic_in
Your order from BigBasket has been shipped and arrives on 23 April.,0,synthetic_in
"REMINDER: YOUR ELECTRICITY BILL OF RS 25,000 IS DUE ON 25 JUNE. PAY THROUGH THE OFFICIAL APP. -Team",0,synthetic_in
"Your fixed deposit of Rs 1,999 matures on 9 March. Visit the branch for renewal options.",0,synthetic_in
Your package was delivered today at 4:45 pm. Thank you for shopping with BigBasket.,0,synthetic_in
Water supply will be interrupted on 28 February from 3:15 am for maintenance work.,0,synthetic_in
"Rs 4,999 debited from your SBI account ending 9359 on 11 March. Not you? Call the number on your card.",0,synthetic_in
Water  supply will be interrupted on 1 September from 3:45 pm for maintenance work.,0,synthetic_in
"RS  25,000 CREDITED TO YOUR SBI ACCOUNT ENDING 3485 AVAILABLE BALANCE RS 121,165",0,synthetic_in
Your appointment at Apollo Clinic is confirmed for 3 July at 2:15 am,0,synthetic_in
Your appointment at Manipal Hospital is confirmed for 5 November at 1:45 pm,0,synthetic_in
Your package was delivered today at 6:45 pm Thank you for shopping with Zomato,0,synthetic_in
"Your insurance premium of Rs 150,000 is due on 12 September. Renew through the official website.",0,synthetic_in
Your fixed deposit of Rs 500 matures on 11 August. Visit the branch for renewal options. -Team,0,synthetic_in
Your flight UK314 is delayed by 45 minutes New departure 7:45 pm,0,synthetic_in
REMINDER: LIBRARY BOOK DUE ON 9 AUGUST. RENEW ONLINE TO AVOID A FINE.,0,synthetic_in
YOUR APPOINTMENT AT APOLLO CLINIC IS CONFIRMED FOR 14 AUGUST AT 7:15 AM.,0,synthetic_in
"YOUR CAB IS ARRIVING IN 15 MINUTES. DRIVER VIJAY, VEHICLE KA70B5955.",0,synthetic_in
"Your  monthly SIP of Rs 99,999 in SBI Small Cap has been processed.",0,synthetic_in
"UPI payment of Rs 25,000 to Nykaa was successful Ref 823740155660",0,synthetic_in
Society meeting on 20 December at 12:30 pm in the community hall. Please attend.,0,synthetic_in
"Rs 25,000 credited to your ICICI Bank account ending 6873. Available balance Rs 125,225.",0,synthetic_in
Your appointment at the city health centre is confirmed for 9 February at 1:15 pm.,0,synthetic_in
"Reminder: your electricity bill of Rs 25,000 is due on 8 March Pay through the official app",0,synthetic_in
Reminder: library book due on 13 February. Renew online to avoid a fine.,0,synthetic_in
"Rs  1,999 debited from your SBI account ending 1855 on 17 March Not you? Call the number on your card",0,synthetic_in
"Thanks for your payment of Rs 10,000. Your subscription is active until 2 March. !!",0,synthetic_in
Your Kotak credit card bill of Rs 500 is due on 3 July. Pay through the official app or net banking.,0,synthetic_in
Your order from BigBasket has been shipped and arrives on 9 April.,0,synthetic_in
"UPI payment of Rs 10,000 to Amazon was successful. Ref 607943015575.",0,synthetic_in
Society meeting on 8 March at 6:30 pm in the community hall. Please attend.,0,synthetic_in
Class test on Thursday covers chapters 4 to 6 Please bring your lab record Act now,0,synthetic_in
The assignment deadline moved to 5 November. Submit on the college portal.,0,synthetic_in
"Thanks for your payment of Rs 150,000. Your subscription is active until 25 January. !!",0,synthetic_in
"Your monthly SIP of Rs 1,999 in HDFC Index Fund has been processed.",0,synthetic_in
"Rs 50,000 debited from your Canara Bank account ending 1141 on 1 April Not you? Call the number on your card",0,synthetic_in
"MUMMY SAID DINNER IS AT 7:30 PM, DON'T BE LATE AGAIN.",0,synthetic_in
Your Bank of Baroda statement for March is ready View it in the mobile app Act now,0,synthetic_in
"Your PF balance as on 11 February is Rs 156,098 Check the EPFO portal for details",0,synthetic_in
Your appointment at the city health centre is confirmed for 9 November at 9:15 am.,0,synthetic_in
"Mummy said dinner is at 7:45 pm, don't be late again.",0,synthetic_in
"Thanks for your payment of Rs 150,000 Your subscription is active until 20 January",0,synthetic_in
"Rs 50,000 credited to your IndusInd account ending 8270. Available balance Rs 51,393.",0,synthetic_in
Water supply will be interrupted on 15 January from 6:30 pm for maintenance work.,0,synthetic_in
"YOUR TRAIN 19515 IS RUNNING ON TIME. COACH S11, SEAT 23.",0,synthetic_in
"Rs 99,999 debited from your Yes Bank account ending 4183 on 25 December. Not you? Call the number on your card. Reply STOP to opt out",0,synthetic_in
Your appointment at Apollo Clinic is confirmed for 13 July at 11:15 pm.,0,synthetic_in
"YOUR AMAZON ORDER HAS BEEN CANCELLED AND RS 99,999 WILL BE REFUNDED IN 3-5 WORKING DAYS.",0,synthetic_in
"Your PNB credit card bill of Rs 25,000 is due on 4 December. Pay through the official app or net banking.",0,synthetic_in
Your flight AI151 is delayed by 15 minutes. New departure 12:15 am.,0,synthetic_in
Your flight 6E840 is delayed by 10 minutes. New departure 1:30 am.,0,synthetic_in
Water supply will be interrupted on 2 November from 4:45 am for maintenance work. Reply STOP to opt out,0,synthetic_in
RS 500 DEBITED FROM YOUR KOTAK ACCOUNT ENDING 9262 ON 5 MARCH. NOT YOU? CALL THE NUMBER ON YOUR CARD.,0,synthetic_in
SOCIETY MEETING ON 13 APRIL AT 2:15 PM IN THE COMMUNITY HALL. PLEASE ATTEND.,0,synthetic_in
"Rs 150,000 credited to your Yes Bank account ending 4764. Available balance Rs 110,645. !!",0,synthetic_in
Your insurance premium of Rs 500 is due on 17 January Renew through the official website,0,synthetic_in
